#pragma once

// Logo: logo.png
// Dimensions: 120x120
// Format: RGB565 (16-bit color)

constexpr int LOGO_WIDTH = 120;
constexpr int LOGO_HEIGHT = 120;

const uint16_t LOGO_DATA[14400] = {
    0x0000,0x0000,0x0000,0x0000,0x0000,0x0000,0x0000,0x0000,0x0000,0x0000,0x0000,0x0000,0x0000,0x0000,0x0000,0x0000,
    0x0000,0x0000,0x0000,0x0000,0x0000,0x0000,0x0000,0x0000,0x0000,0x0000,0x0000,0x0000,0x0000,0x0000,0x0000,0x0000,
    0x0000,0x0000,0x0000,0x0000,0x0000,0x0000,0x0000,0x0000,0x0000,0x0000,0x0000,0x0000,0x0000,0x0000,0x0000,0x0000,
    0x0000,0x0000,0x0000,0x0000,0x0000,0x0000,0x0000,0x0000,0x0000,0x0000,0x0000,0x0000,0x0000,0x0000,0x0000,0x0000,
    0x0000,0x0000,0x0000,0x0000,0x0000,0x0000,0x0000,0x0000,0x0000,0x0000,0x0000,0x0000,0x0000,0x0000,0x0000,0x0000,
    0x0000,0x0000,0x0000,0x0000,0x0000,0x0000,0x0000,0x0000,0x0000,0x0000,0x0000,0x0000,0x0000,0x0000,0x0000,0x0000,
    0x0000,0x0000,0x0000,0x0000,0x0000,0x0000,0x0000,0x0000,0x0000,0x0000,0x0000,0x0000,0x0000,0x0000,0x0000,0x0000,
    0x0000,0x0000,0x0000,0x0000,0x0000,0x0000,0x0000,0x0000,0x0000,0x0000,0x0000,0x0000,0x0000,0x0000,0x0000,0x0000,
    0x0000,0x0000,0x0000,0x0000,0x0000,0x0000,0x0000,0x0000,0x0000,0x0000,0x0000,0x0000,0x0000,0x0000,0x0000,0x0000,
    0x0000,0x0000,0x0000,0x0000,0x0000,0x0000,0x0000,0x0000,0x0000,0x0000,0x0000,0x0000,0x0000,0x0000,0x0000,0x0000,
    0x0000,0x0000,0x0000,0x0000,0x0000,0x0000,0x0000,0x0000,0x0000,0x0000,0x0000,0x0000,0x0000,0x0000,0x0000,0x0000,
    0x0000,0x0000,0x0000,0x0000,0x0000,0x0000,0x0000,0x0000,0x0000,0x0000,0x0000,0x0000,0x0000,0x0000,0x0000,0x0000,
    0x0000,0x0000,0x0000,0x0000,0x0000,0x0000,0x0000,0x0000,0x0000,0x0000,0x0000,0x0000,0x0000,0x0000,0x0000,0x0000,
    0x0000,0x0000,0x0000,0x0000,0x0000,0x0000,0x0000,0x0000,0x0000,0x0000,0x0000,0x0000,0x0000,0x0000,0x0000,0x0000,
    0x0000,0x0000,0x0000,0x0000,0x0000,0x0000,0x0000,0x0000,0x0000,0x0000,0x0000,0x0000,0x0000,0x0000,0x0000,0x0000,
    0x0000,0x0000,0x0000,0x0000,0x0000,0x0000,0x0000,0x0000,0x0000,0x0000,0x0000,0x0000,0x0000,0x0000,0x0000,0x0000,
    0x0000,0x0000,0x0000,0x0000,0x0000,0x0000,0x0000,0x0000,0x0000,0x0000,0x0000,0x0000,0x0000,0x0000,0x0000,0x0000,
    0x0000,0x0000,0x0000,0x0000,0x0000,0x0000,0x0000,0x0000,0x0000,0x0000,0x0000,0x0000,0x0000,0x0000,0x0000,0x0000,
    0x0000,0x0000,0x0000,0x0000,0x0000,0x0000,0x0000,0x0000,0x0000,0x0000,0x0000,0x0000,0x0000,0x0000,0x0000,0x0000,
    0x0000,0x0000,0x0000,0x0000,0x0000,0x0000,0x0000,0x0000,0x0000,0x0000,0x0000,0x0000,0x0000,0x0000,0x0000,0x0000,
    0x0000,0x0000,0x0000,0x0000,0x0000,0x0000,0x0000,0x0000,0x0000,0x0000,0x0000,0x0000,0x0000,0x0000,0x0000,0x0000,
    0x0000,0x0000,0x0000,0x0000,0x0000,0x0000,0x0000,0x0000,0x0000,0x0000,0x0000,0x0000,0x0000,0x0000,0x0000,0x0000,
    0x0000,0x0000,0x0000,0x0000,0x0000,0x0000,0x0000,0x0000,0x0000,0x0000,0x0000,0x0000,0x0000,0x0000,0x0000,0x0000,
    0x0000,0x0000,0x0000,0x0000,0x0000,0x0000,0x0000,0x0000,0x0000,0x0000,0x0000,0x0000,0x0000,0x0000,0x0000,0x0000,
    0x0000,0x0000,0x0000,0x0000,0x0000,0x0000,0x0000,0x0000,0x0000,0x0000,0x0000,0x0000,0x0000,0x0000,0x0000,0x0000,
    0x0000,0x0000,0x0000,0x0000,0x0000,0x0000,0x0000,0x0000,0x0000,0x0000,0x0000,0x0000,0x0000,0x0000,0x0000,0x0000,
    0x0000,0x0000,0x0000,0x0000,0x0000,0x0000,0x0000,0x0000,0x0000,0x0000,0x0000,0x0000,0x0000,0x0000,0x0000,0x0000,
    0x0000,0x0000,0x0000,0x0000,0x0000,0x0000,0x0000,0x0000,0x0000,0x0000,0x0000,0x0000,0x0000,0x0000,0x0000,0x0000,
    0x0000,0x0000,0x0000,0x0000,0x0000,0x0000,0x0000,0x0000,0x0000,0x0000,0x0000,0x0000,0x0000,0x0000,0x0000,0x0000,
    0x0000,0x0000,0x0000,0x0000,0x0000,0x0000,0x0000,0x0000,0x0000,0x0000,0x0000,0x0000,0x0000,0x0000,0x0000,0x0000,
    0x0000,0x0000,0x0000,0x0000,0x0000,0x0000,0x0000,0x0000,0x0000,0x0000,0x0000,0x0000,0x0000,0x0000,0x0000,0x0000,
    0x0000,0x0000,0x0000,0x0000,0x0000,0x0000,0x0000,0x0000,0x0000,0x0000,0x0000,0x0000,0x0000,0x0000,0x0000,0x0000,
    0x0000,0x0000,0x0000,0x0000,0x0000,0x0000,0x0000,0x0000,0x0000,0x0000,0x0000,0x0000,0x0000,0x0000,0x0000,0x0000,
    0x0000,0x0000,0x0000,0x0000,0x0000,0x0000,0x0000,0x0000,0x0000,0x0000,0x0000,0x0000,0x0000,0x0000,0x0000,0x0000,
    0x0000,0x0000,0x0000,0x0000,0x0000,0x0000,0x0000,0x0000,0x0000,0x0000,0x0000,0x0000,0x0000,0x0000,0x0000,0x0000,
    0x0000,0x0000,0x0000,0x0000,0x0000,0x0000,0x0000,0x0000,0x0000,0x0000,0x0000,0x0000,0x0000,0x0000,0x0000,0x0000,
    0x0000,0x0000,0x0000,0x0000,0x0000,0x0000,0x0000,0x0000,0x0000,0x0000,0x0000,0x0000,0x0000,0x0000,0x0000,0x0000,
    0x0000,0x0000,0x0000,0x0000,0x0000,0x0000,0x0000,0x0000,0x0000,0x0000,0x0000,0x0000,0x0000,0x0000,0x0000,0x0000,
    0x0000,0x0000,0x0000,0x0000,0x0000,0x0000,0x0000,0x0000,0x0000,0x0000,0x0000,0x0000,0x0000,0x0000,0x0000,0x0000,
    0x0000,0x0000,0x0000,0x0000,0x0000,0x0000,0x0000,0x0000,0x0000,0x0000,0x0000,0x0000,0x0000,0x0000,0x0000,0x0000,
    0x0000,0x0000,0x0000,0x0000,0x0000,0x0000,0x0000,0x0000,0x0000,0x0000,0x0000,0x0000,0x0000,0x0000,0x0000,0x0000,
    0x0000,0x0000,0x0000,0x0000,0x0000,0x0000,0x0000,0x0000,0x0000,0x0000,0x0000,0x0000,0x0000,0x0000,0x0000,0x0000,
    0x0000,0x0000,0x0000,0x0000,0x0000,0x0000,0x0000,0x0000,0x0000,0x0000,0x0000,0x0000,0x0000,0x0000,0x0000,0x0000,
    0x0000,0x0000,0x0000,0x0000,0x0000,0x0000,0x0000,0x0000,0x0000,0x0000,0x0000,0x0000,0x0000,0x0000,0x0000,0x0000,
    0x0000,0x0000,0x0000,0x0000,0x0000,0x0000,0x0000,0x0000,0x0000,0x0000,0x0000,0x0000,0x0000,0x0000,0x0000,0x0000,
    0x0000,0x0000,0x0000,0x0000,0x0000,0x0000,0x0000,0x0000,0x0000,0x0000,0x0000,0x0000,0x0000,0x0000,0x0000,0x0000,
    0x0000,0x0000,0x0000,0x0000,0x0000,0x0000,0x0000,0x0000,0x0000,0x0000,0x0000,0x0000,0x0000,0x0000,0x0000,0x0000,
    0x0000,0x0000,0x0000,0x0000,0x0000,0x0000,0x0000,0x0000,0x0000,0x0000,0x0000,0x0000,0x0000,0x0000,0x0000,0x0000,
    0x0000,0x0000,0x0000,0x0000,0x0000,0x0000,0x0000,0x0000,0x0000,0x0000,0x0000,0x0000,0x0000,0x0000,0x0000,0x0000,
    0x0000,0x0000,0x0000,0x0000,0x0000,0x0000,0x0000,0x0000,0x0000,0x0000,0x0000,0x0000,0x0000,0x0000,0x0000,0x0000,
    0x0000,0x0000,0x0000,0x0000,0x0000,0x0000,0x0000,0x0000,0x0000,0x0000,0x0000,0x0000,0x0000,0x0000,0x0000,0x0000,
    0x0000,0x0000,0x0000,0x0000,0x0000,0x0000,0x0000,0x0000,0x0000,0x0000,0x0000,0x0000,0x0000,0x0000,0x0000,0x0000,
    0x0000,0x0000,0x0000,0x0000,0x0000,0x0000,0x0000,0x0000,0x0000,0x0000,0x0000,0x0000,0x0000,0x0000,0x0000,0x0000,
    0x0000,0x0000,0x0000,0x0000,0x0000,0x0000,0x0000,0x0000,0x0000,0x0000,0x0000,0x0000,0x0000,0x0000,0x0000,0x0000,
    0x0000,0x0000,0x0000,0x0000,0x0000,0x0000,0x0000,0x0000,0x0000,0x0000,0x0000,0x0000,0x0000,0x0000,0x0000,0x0000,
    0x0000,0x0000,0x0000,0x0000,0x0000,0x0000,0x0000,0x0000,0x0000,0x0000,0x0000,0x0000,0x0000,0x0000,0x0000,0x0000,
    0x0000,0x0000,0x0000,0x0000,0x0000,0x0000,0x0000,0x0000,0x0000,0x0000,0x0000,0x0000,0x0000,0x0000,0x0000,0x0000,
    0x0000,0x0000,0x0000,0x0000,0x0000,0x0000,0x0000,0x0000,0x0000,0x0000,0x0000,0x0000,0x0000,0x0000,0x0000,0x0000,
    0x0000,0x0000,0x0000,0x0000,0x0000,0x0000,0x0000,0x0000,0x0000,0x0000,0x0000,0x0000,0x0000,0x0000,0x0000,0x0000,
    0x0000,0x0000,0x0000,0x0000,0x0000,0x0000,0x0000,0x0000,0x0000,0x0000,0x0000,0x0000,0x0000,0x0000,0x0000,0x0000,
    0x0000,0x0000,0x0000,0x0000,0x0000,0x0000,0x0000,0x0000,0x0000,0x0000,0x0000,0x0000,0x0000,0x0000,0x0000,0x0000,
    0x0000,0x0000,0x0000,0x0000,0x0000,0x0000,0x0000,0x0000,0x0000,0x0000,0x0000,0x0000,0x0000,0x0000,0x0000,0x0000,
    0x0000,0x0000,0x0000,0x0000,0x0000,0x0000,0x0000,0x77FF,0x87FF,0x779F,0x0000,0x0000,0x0000,0x0000,0x0000,0x0000,
    0x0000,0x0000,0x0000,0x0000,0x0000,0x0000,0x0000,0x0000,0x0000,0x0000,0x0000,0x0000,0x0000,0x0000,0x0000,0x0000,
    0x0000,0x0000,0x0000,0x0000,0x0000,0x0000,0x0000,0x0000,0x0000,0x0000,0x0000,0x0000,0x0000,0x0000,0x0000,0x0000,
    0x0000,0x0000,0x0000,0x0000,0x0000,0x0000,0x0000,0x0000,0x0000,0x0000,0x0000,0x0000,0x0000,0x0000,0x0000,0x0000,
    0x0000,0x0000,0x0000,0x0000,0x0000,0x0000,0x0000,0x0000,0x0000,0x0000,0x0000,0x0000,0x0000,0x0000,0x0000,0x0000,
    0x0000,0x0000,0x0000,0x0000,0x0000,0x0000,0x0000,0x0000,0x0000,0x0000,0x0000,0x0000,0x0000,0x0000,0x0000,0x0000,
    0x0000,0x0000,0x0000,0x0000,0x0000,0x0000,0x0000,0x0000,0x0000,0x0000,0x0000,0x0000,0x0000,0x0000,0x0000,0x0000,
    0x0000,0x0000,0x0000,0x0000,0x0000,0x0000,0x0000,0x0000,0x0000,0x0000,0x0000,0x0000,0x0000,0x0000,0x77FF,0x6F5D,
    0x4D76,0x77FF,0x0000,0x0000,0x0000,0x0000,0x0000,0x0000,0x0000,0x0000,0x0000,0x0000,0x0000,0x46BE,0x5F5F,0x67BF,
    0x6FFF,0x6FFF,0x6FDF,0x5F7F,0x56FE,0x677E,0x77BF,0x77FF,0x0000,0x0000,0x0000,0x0000,0x0000,0x0000,0x0000,0x0000,
    0x0000,0x0000,0x0000,0x0000,0x0000,0x0000,0x0000,0x0000,0x0000,0x0000,0x0000,0x0000,0x0000,0x0000,0x0000,0x0000,
    0x0000,0x0000,0x0000,0x0000,0x0000,0x0000,0x0000,0x0000,0x0000,0x0000,0x0000,0x0000,0x0000,0x0000,0x0000,0x0000,
    0x0000,0x0000,0x0000,0x0000,0x0000,0x0000,0x0000,0x0000,0x0000,0x0000,0x0000,0x0000,0x0000,0x0000,0x0000,0x0000,
    0x0000,0x0000,0x0000,0x0000,0x0000,0x0000,0x0000,0x0000,0x0000,0x0000,0x0000,0x0000,0x0000,0x0000,0x0000,0x0000,
    0x0000,0x0000,0x0000,0x0000,0x0000,0x0000,0x0000,0x0000,0x0000,0x0000,0x0000,0x0000,0x0000,0x0000,0x0000,0x0000,
    0x0000,0x0000,0x0000,0x0000,0x0000,0x77DF,0x7FFF,0x1125,0x08C3,0x77FF,0x0000,0x0000,0x0000,0x0000,0x0000,0x46DE,
    0x46BE,0x3E9E,0x3EBE,0x4F1F,0x6FFF,0x7FFF,0x77FF,0x6F3D,0x669B,0x5E7A,0x66BB,0x777E,0x7FFF,0x7FFF,0x7FFF,0x6F9E,
    0x6FBF,0x77FF,0x67BF,0x4EDE,0x3EBE,0x0000,0x0000,0x0000,0x0000,0x0000,0x0000,0x0000,0x0000,0x0000,0x0000,0x0000,
    0x0000,0x0000,0x0000,0x0000,0x0000,0x0000,0x0000,0x0000,0x0000,0x0000,0x0000,0x0000,0x0000,0x0000,0x0000,0x0000,
    0x0000,0x0000,0x0000,0x0000,0x0000,0x0000,0x0000,0x0000,0x0000,0x0000,0x0000,0x0000,0x0000,0x0000,0x0000,0x0000,
    0x0000,0x0000,0x0000,0x0000,0x0000,0x0000,0x0000,0x0000,0x0000,0x0000,0x0000,0x0000,0x0000,0x0000,0x0000,0x0000,
    0x0000,0x0000,0x0000,0x0000,0x0000,0x0000,0x0000,0x0000,0x0000,0x0000,0x0000,0x0000,0x0000,0x0000,0x0000,0x0000,
    0x0000,0x0000,0x0000,0x0000,0x0000,0x0000,0x0000,0x0000,0x0000,0x0000,0x0000,0x0000,0x0000,0x7FFF,0x2B6E,0x0000,
    0x0000,0x4492,0x7FFF,0x56FE,0x3E9E,0x3EBE,0x3EFF,0x471F,0x46DF,0x4EFF,0x67BF,0x7FFF,0x66DB,0x33AF,0x00E4,0x0000,
    0x0000,0x0000,0x0000,0x0000,0x11C7,0x3C52,0x779E,0x5E59,0x08E3,0x334D,0x66BB,0x7FFF,0x5F9F,0x471F,0x46BE,0x3EBE,
    0x4EFF,0x0000,0x0000,0x0000,0x0000,0x0000,0x0000,0x0000,0x0000,0x0000,0x0000,0x0000,0x0000,0x0000,0x0000,0x0000,
    0x0000,0x0000,0x0000,0x0000,0x0000,0x0000,0x0000,0x0000,0x0000,0x0000,0x0000,0x0000,0x0000,0x0000,0x0000,0x0000,
    0x0000,0x0000,0x0000,0x0000,0x0000,0x0000,0x0000,0x0000,0x0000,0x0000,0x0000,0x0000,0x0000,0x0000,0x0000,0x0000,
    0x0000,0x0000,0x0000,0x0000,0x0000,0x0000,0x0000,0x0000,0x0000,0x0000,0x0000,0x0000,0x0000,0x0000,0x0000,0x0000,
    0x0000,0x0000,0x0000,0x0000,0x0000,0x0000,0x0000,0x0000,0x0000,0x0000,0x0000,0x0000,0x0000,0x0000,0x0000,0x0000,
    0x0000,0x0000,0x0000,0x0000,0x77FF,0x6F3D,0x0000,0x8C0C,0x5287,0x0000,0x55D7,0x7FFF,0x67DF,0x5F5F,0x5F5F,0x679F,
    0x77FF,0x7FFF,0x669A,0x2B2D,0x0000,0x0000,0x4A06,0x736A,0xA530,0xB5B2,0xAD51,0x7BEC,0x5288,0x1061,0x00A3,0x4493,
    0x2229,0x0000,0x0062,0x4472,0x7FFF,0x5F3E,0x3EBE,0x46FF,0x6FDF,0x471F,0x3EBE,0x3EBE,0x0000,0x0000,0x0000,0x0000,
    0x0000,0x0000,0x0000,0x0000,0x0000,0x0000,0x0000,0x0000,0x0000,0x0000,0x0000,0x0000,0x0000,0x0000,0x0000,0x0000,
    0x0000,0x0000,0x0000,0x0000,0x0000,0x0000,0x0000,0x0000,0x0000,0x0000,0x0000,0x0000,0x0000,0x0000,0x0000,0x0000,
    0x0000,0x0000,0x0000,0x0000,0x0000,0x0000,0x0000,0x0000,0x0000,0x0000,0x0000,0x0000,0x0000,0x0000,0x0000,0x0000,
    0x0000,0x0000,0x0000,0x0000,0x0000,0x0000,0x0000,0x0000,0x0000,0x0000,0x0000,0x0000,0x0000,0x0000,0x0000,0x0000,
    0x0000,0x0000,0x0000,0x0000,0x0000,0x0000,0x0000,0x0000,0x0000,0x0000,0x0000,0x77BF,0x77FF,0x3C52,0x0000,0xCE13,
    0xEF36,0x2943,0x0000,0x338E,0x667A,0x6F3D,0x6F1C,0x667A,0x4472,0x1208,0x0000,0x1881,0x7BCB,0xD6B5,0xF7D9,0xFFB7,
    0xFE92,0xFD8B,0xFD4A,0xFD8B,0xFDEE,0xE612,0x840C,0x18C2,0x0041,0x1060,0x7180,0x0000,0x3C10,0x7FFF,0x4EFE,0x4EFE,
    0x77BF,0x4EFE,0x3EDF,0x473F,0x46BE,0x46DF,0x0000,0x0000,0x0000,0x0000,0x0000,0x0000,0x0000,0x0000,0x0000,0x0000,
    0xFFBA,0xFFBA,0xFFBA,0xFFBA,0xFFBA,0x0000,0x0000,0x0000,0x0000,0x0000,0x0000,0x0000,0x0000,0x0000,0x0000,0x0000,
    0x0000,0x0000,0x0000,0x0000,0x0000,0x0000,0x0000,0x0000,0x0000,0x0000,0x0000,0x0000,0x0000,0x0000,0x0000,0x0000,
    0x0000,0x0000,0x0000,0x0000,0x0000,0x0000,0x0000,0x0000,0x0000,0x0000,0x0000,0x0000,0x0000,0x0000,0x0000,0x0000,
    0x0000,0x0000,0x0000,0x0000,0x0000,0x0000,0x0000,0x0000,0x0000,0x0000,0x0000,0x0000,0x0000,0x0000,0x0000,0x0000,
    0x0000,0x0000,0x0000,0x6F7E,0x5E7A,0x2B4D,0x0000,0xD4EC,0xFEF4,0xDEF5,0x5267,0x0000,0x0000,0x0000,0x0000,0x0000,
    0x0000,0x3143,0x8C2D,0xE716,0xFFF9,0xF715,0xF56C,0xF3E3,0xFB60,0xFB40,0xFB40,0xFB40,0xFB40,0xFBC1,0xFD29,0xE5D0,
    0x52A8,0x0000,0x9200,0x9A40,0x0000,0x5596,0x77DF,0x675F,0x7FFF,0x5F3F,0x3E9E,0x46BE,0x46BE,0x471F,0x46FF,0x46DF,
    0x0000,0x0000,0x0000,0x0000,0x0000,0x0000,0x0000,0xFFDB,0xFFFC,0xFFFB,0xFFFB,0xFFFC,0xFFFC,0xFFDB,0x0000,0x0000,
    0x0000,0x0000,0x0000,0x0000,0x0000,0x0000,0x0000,0x0000,0x0000,0x0000,0x0000,0x0000,0x0000,0x0000,0x0000,0x0000,
    0x0000,0x0000,0x0000,0x0000,0x0000,0x0000,0x0000,0x0000,0x0000,0x0000,0x0000,0x0000,0x0000,0x0000,0x0000,0x0000,
    0x0000,0x0000,0x0000,0x0000,0x0000,0x0000,0x0000,0x0000,0x0000,0x0000,0x0000,0x0000,0x0000,0x0000,0x0000,0x0000,
    0x0000,0x0000,0x0000,0x0000,0x0000,0x0000,0x0000,0x0000,0x0000,0x0000,0x77FF,0x4D76,0x2B0C,0x338E,0x0000,0xDBA4,
    0xFD09,0xF7B9,0xFF56,0xC5F2,0x7C0C,0x6B4A,0x6B6B,0x9CEF,0xCE94,0xF798,0xFFF9,0xF715,0xF54C,0xFBC2,0xFB60,0xFB80,
    0xFBA0,0xFBA0,0xFBA0,0xFBA0,0xFBA0,0xFBA0,0xFB40,0xFBA0,0xFD2A,0x62C8,0x1040,0xFBC0,0x48E0,0x0925,0x77BE,0x779F,
    0x66FC,0x6F9F,0x46BE,0x3EBE,0x46BE,0x3EBE,0x3EBE,0x46FF,0x46FF,0x46DF,0x0000,0x0000,0x0000,0xFF9A,0xFFFC,0xFFBA,
    0xFF9A,0xFF9A,0xFF9A,0xFF9A,0xFF9A,0xFFFB,0xFFBA,0x0000,0x0000,0x0000,0x0000,0x0000,0x0000,0x0000,0x0000,0x0000,
    0x0000,0x0000,0x0000,0x0000,0x0000,0x0000,0x0000,0x0000,0x0000,0x0000,0x0000,0x0000,0x0000,0x0000,0x0000,0x0000,
    0x0000,0x0000,0x0000,0x0000,0x0000,0x0000,0x0000,0x0000,0x0000,0x0000,0x0000,0x0000,0x0000,0x0000,0x0000,0x0000,
    0x0000,0x0000,0x0000,0x0000,0x0000,0x0000,0x0000,0x0000,0x0000,0x0000,0x0000,0x0000,0x0000,0x0000,0x0000,0x0000,
    0x46BE,0x3EBE,0x77FF,0x3C30,0x0020,0x19A7,0x0000,0xD321,0xFBA0,0xF5AE,0xEF57,0xFEF5,0xFED3,0xFEF4,0xFEF3,0xFEF3,
    0xFEB3,0xF652,0xF52B,0xFBE3,0xFB60,0xFBA0,0xFB80,0xFB60,0xFB60,0xFBA0,0xFBA0,0xFBA0,0xFB40,0xFB60,0xFBA0,0xFBA0,
    0xFB60,0xFC44,0x4163,0xCAC0,0xCAE0,0x0000,0x5619,0x5E59,0x2B2D,0x77FF,0x46BE,0x3EBE,0x46BE,0x46BE,0x46BE,0x3EBE,
    0x46BE,0x471F,0x46DF,0x2E9E,0x0000,0xFFDB,0xFFBB,0xFF9A,0xFFBA,0xFFBA,0xFFBA,0xFFBA,0xFFBA,0xFF9A,0xFFFC,0x0000,
    0x0000,0x0000,0x0000,0x0000,0x0000,0x0000,0x0000,0x0000,0x0000,0x0000,0x0000,0x0000,0x0000,0x0000,0x0000,0x0000,
    0x0000,0x0000,0x0000,0x0000,0x0000,0x0000,0x0000,0x0000,0x0000,0x0000,0x0000,0x0000,0x0000,0x0000,0x0000,0x0000,
    0x0000,0x0000,0x0000,0x0000,0x0000,0x0000,0x0000,0x0000,0x0000,0x0000,0x0000,0x0000,0x0000,0x0000,0x0000,0x0000,
    0x0000,0x0000,0x0000,0x0000,0x0000,0x0000,0x0000,0x46DF,0x473F,0x469E,0x77FF,0x33AE,0x0000,0x0000,0x0000,0x9A20,
    0xFBC0,0xFB60,0xFCE9,0xF652,0xEE53,0xF5AF,0xF50A,0xF487,0xFC05,0xFB81,0xFB60,0xFB80,0xFB80,0xFB60,0xFC03,0xF52A,
    0xF631,0xF6D5,0xF6B4,0xF694,0xF5CF,0xFC66,0xFB60,0xF360,0xFBA0,0xFBC0,0xCAC0,0x99E0,0xFBC0,0x1040,0x228A,0x1166,
    0x1A29,0x77FF,0x4EDE,0x3EBE,0x46BE,0x46BE,0x46BE,0x46BE,0x46BE,0x46BE,0x3EBE,0x4F1F,0xE79C,0xFFBA,0xFF9A,0xFFBA,
    0xFFBA,0xFFBA,0xFFBA,0xFFBA,0xFFBA,0xFF9A,0xFFFC,0xFF9A,0x0000,0x0000,0x0000,0x0000,0x0000,0x0000,0x0000,0x0000,
    0x0000,0x0000,0x0000,0x0000,0x0000,0x0000,0x0000,0x0000,0x0000,0x0000,0x0000,0x0000,0x0000,0x0000,0x0000,0x0000,
    0x0000,0x0000,0x0000,0x0000,0x0000,0x0000,0x0000,0x0000,0x0000,0x0000,0x0000,0x0000,0x0000,0x0000,0x0000,0x0000,
    0x0000,0x0000,0x0000,0x0000,0x0000,0x0000,0x0000,0x0000,0x0000,0x0000,0x0000,0x0000,0x0000,0x46BE,0x46DF,0x46FF,
    0x3EBE,0x3E9E,0x77FF,0x2B8E,0x3984,0x4A47,0x0000,0x40E0,0xFBC0,0xFBA0,0xFB60,0xFB80,0xFC03,0xFC87,0xFC45,0xFBE2,
    0xFBC1,0xFBA0,0xFB80,0xFB60,0xFC45,0xF610,0xEF16,0xEEF5,0xF631,0xFD6B,0xFD29,0xFD29,0xFD8B,0xFE10,0xF52C,0xF361,
    0xE2C0,0xFB80,0xFBA0,0xC240,0xFB60,0x5120,0x0000,0x0000,0x22AB,0x77FF,0x4EDE,0x3EBE,0x46BE,0x46BE,0x46BE,0x46BE,
    0x46BE,0x46BE,0x36BE,0x8EFD,0xFFBA,0xFF9A,0xFFBA,0xFFBA,0xFFBA,0xFFBA,0xFFBA,0xFFBA,0xFFBA,0xFF9A,0xFFFC,0xFFBA,
    0x0000,0x0000,0x0000,0xFFDB,0xFFBA,0xFFBA,0x0000,0x0000,0x0000,0x0000,0x0000,0x0000,0x0000,0x0000,0x0000,0x0000,
    0x0000,0x0000,0x0000,0x0000,0x0000,0x0000,0x0000,0x0000,0x0000,0x0000,0x0000,0x0000,0x0000,0x0000,0x0000,0x0000,
    0x0000,0x0000,0x0000,0x0000,0x0000,0x0000,0x0000,0x0000,0x0000,0x0000,0x0000,0x0000,0x0000,0x0000,0x0000,0x0000,
    0x0000,0x0000,0x0000,0x0000,0x46DE,0x473F,0x46BE,0x3EBE,0x46BE,0x3E9E,0x6FDF,0x4D76,0x1081,0xCE33,0x39E6,0x0000,
    0x89E0,0xFC00,0xFBC0,0xFB80,0xFB80,0xFB60,0xFB80,0xFB80,0xFBA0,0xFB80,0xFC04,0xF56D,0xF652,0xF5AE,0xFCA7,0xFBE0,
    0xFB40,0xCAA0,0xC260,0xBA60,0xBA40,0xEB20,0xFCA5,0xFCA8,0xEB01,0xDA40,0xFBC0,0xE2C0,0xF2E0,0x5160,0x1020,0x0800,
    0x2B2D,0x77FF,0x46BE,0x3EBE,0x46BE,0x46BE,0x46BE,0x46BE,0x46BE,0x46BE,0x3EBE,0xCF5C,0xFFBA,0xFFBA,0xFFBA,0xFFBA,
    0xFFBA,0xFFBA,0xFFBA,0xFFBA,0xFFBA,0xFFBA,0xFFFD,0xFF9A,0x0000,0xFFDB,0xFFFC,0xFFFC,0xFFFC,0xFFFC,0xFFBA,0xFF9A,
    0xFFBA,0x0000,0x0000,0x0000,0x0000,0x0000,0x0000,0x0000,0x0000,0x0000,0x0000,0x0000,0x0000,0x0000,0x0000,0x0000,
    0x0000,0x0000,0x0000,0x0000,0x0000,0x0000,0x0000,0x0000,0x0000,0x0000,0x0000,0x0000,0x0000,0x0000,0x0000,0x0000,
    0x0000,0x0000,0x0000,0x0000,0x0000,0x0000,0x0000,0x0000,0x0000,0x0000,0x0000,0x46DF,0x471F,0x46BE,0x46BE,0x46BE,
    0x46BE,0x3E9E,0x5F7F,0x6F1C,0x0000,0x7A45,0xFEF5,0x6BAB,0x0000,0x7960,0xF340,0xFBA0,0xFBA0,0xFBA0,0xFBA0,0xFBA0,
    0xFBA0,0xFBA0,0xFC46,0xFC44,0xFBC0,0xF320,0xD2C0,0x9A20,0x8A00,0x8200,0xAA80,0xB2A0,0x8200,0x5120,0x81A0,0xFBA1,
    0xFC01,0xE280,0xDA60,0xE2C0,0xDA60,0x6960,0x78A0,0x0800,0x4D96,0x6FDF,0x3E9E,0x46BE,0x46BE,0x46BE,0x46BE,0x46BE,
    0x46BE,0x3EBE,0x4EBE,0xF79B,0xFFBA,0xFFBA,0xFFBA,0xFFBA,0xFFBA,0xFFBA,0xFFBA,0xFFBA,0xFFBA,0xFFBA,0xFFDB,0xFFBA,
    0xFFBA,0xFFFC,0xFF9A,0xFF9A,0xFF9A,0xFF9A,0xFFBB,0xFFFC,0xFFFD,0xFFFC,0xFFDB,0xFFDA,0xFFBA,0xFFBA,0x0000,0x0000,
    0x0000,0x0000,0x0000,0x0000,0x0000,0x0000,0x0000,0x0000,0x0000,0x0000,0x0000,0x0000,0x0000,0x0000,0x0000,0x0000,
    0x0000,0x0000,0x0000,0x0000,0x0000,0x0000,0x0000,0x0000,0x0000,0x0000,0x0000,0x0000,0x0000,0x0000,0x0000,0x0000,
    0x0000,0x0000,0x46FF,0x46FF,0x46BE,0x46BE,0x46BE,0x46BE,0x46BE,0x3EBE,0x4EDE,0x7FFF,0x22CB,0x0800,0xBA64,0xFE31,
    0xCE12,0x636C,0x6AA7,0xA2A2,0xE361,0xFB80,0xFBA0,0xFBA0,0xFBA0,0xFBA0,0xFB60,0xEB20,0xC2A0,0xAA60,0x9A40,0xC2C0,
    0xDAC0,0xF2C0,0xF2A0,0xF2A0,0xFAE0,0xE2E0,0x6980,0x4900,0xEB60,0xFBA0,0xD200,0xD220,0xC9E0,0xD1A0,0x5840,0x0987,
    0x77BE,0x573F,0x3EBE,0x46BE,0x46BE,0x46BE,0x46BE,0x46BE,0x3EBE,0x3EBE,0xAF3C,0xFFBA,0xFFBA,0xFFBA,0xFFBA,0xFFBA,
    0xFFBA,0xFFBA,0xFFBA,0xFFBA,0xFFBA,0xFFBA,0xFF9A,0xFF9A,0xFFDB,0xFF9A,0xFFBA,0xFFBA,0xFFBA,0xFFBA,0xFFBA,0xFF9A,
    0xF77A,0xE739,0xE73A,0xEF7B,0xE77B,0xD71A,0xCEB9,0x0000,0x0000,0x0000,0x0000,0x0000,0x0000,0x0000,0x0000,0x0000,
    0x0000,0x0000,0x0000,0x0000,0x0000,0x0000,0x0000,0x0000,0x0000,0x0000,0x0000,0x0000,0x0000,0x0000,0x0000,0x0000,
    0x0000,0x0000,0x0000,0x0000,0x0000,0x0000,0x0000,0x0000,0x0000,0x46FF,0x46DF,0x3EBE,0x46BE,0x46BE,0x46BE,0x46BE,
    0x46BE,0x46BE,0x3E9E,0x6F9F,0x66BB,0x00A2,0x2000,0xB960,0xFBC5,0xFDAB,0xED6B,0xDC88,0xEBE4,0xF380,0xFBA0,0xFB80,
    0xFBA0,0xFBA0,0xF3A0,0xEB80,0xE360,0xEB40,0xF2C0,0xE200,0xD180,0xA900,0x98C0,0x90C0,0xA900,0xD180,0xEA20,0x7120,
    0x4900,0xFC00,0xFB00,0xC140,0xB920,0x70A0,0x0000,0x55D7,0x7FFF,0x46BE,0x3EBE,0x46BE,0x46BE,0x46BE,0x46BE,0x46BE,
    0x36BE,0xAF3C,0xFFBA,0xFFBA,0xFFBA,0xFFBA,0xFFBA,0xFFBA,0xFFBA,0xFF9A,0xFF9A,0xFFBA,0xFFBA,0xFFBA,0xFFBB,0xFFBA,
    0xFFBA,0xFF9A,0xF77A,0xEF3A,0xDF19,0xDF1A,0xD6FA,0xC699,0xB638,0xB617,0xADF7,0xADF7,0x0000,0x0000,0x0000,0x0000,
    0x0000,0x0000,0x0000,0x0000,0x0000,0x0000,0x0000,0x0000,0x0000,0x0000,0x0000,0x0000,0x0000,0x0000,0x0000,0x0000,
    0x0000,0x0000,0x0000,0x0000,0x0000,0x0000,0x0000,0x0000,0x0000,0x0000,0x0000,0x0000,0x0000,0x0000,0x0000,0x0000,
    0x46FF,0x46DE,0x3EBE,0x46BE,0x46BE,0x46BE,0x46BE,0x46BE,0x46BE,0x46BE,0x3EBE,0x46DE,0x77FF,0x55B7,0x0062,0x1800,
    0x98E0,0xD9C0,0xF2A0,0xFB40,0xFB80,0xFBA0,0xFBA0,0xFBA0,0xFBA0,0xFB80,0xF340,0xF2C0,0xEA40,0xC980,0xA0E0,0x6080,
    0x3020,0x1040,0x30C1,0x2081,0x0800,0x3840,0xA920,0xE9C0,0x5860,0x7160,0x81E0,0x6101,0x91A0,0x6980,0x1860,0x1186,
    0x6EFC,0x6FBF,0x46BE,0x46BE,0x46BE,0x46BE,0x46BE,0x3EBE,0x66DE,0xFFBA,0xFFBA,0xFFBA,0xFFBA,0xFF9A,0xFFBA,0xFFBA,
    0xFFBA,0xFFBB,0xFFDB,0xFFBA,0xF79A,0xEF7A,0xE73A,0xDEF9,0xD6FA,0xCED9,0xBE58,0xB617,0xADF7,0xADF7,0xADF7,0x0000,
    0x0000,0x0000,0x0000,0x0000,0x0000,0x0000,0x0000,0x0000,0x0000,0x0000,0x0000,0x0000,0x0000,0x0000,0x0000,0x0000,
    0x0000,0x0000,0x0000,0x0000,0x0000,0x0000,0x0000,0x0000,0x0000,0x0000,0x0000,0x0000,0x0000,0x0000,0x0000,0x0000,
    0x0000,0x0000,0x0000,0x0000,0x0000,0x0000,0x0000,0x46DF,0x46DE,0x3EBE,0x46BE,0x46BE,0x46BE,0x46BE,0x46BE,0x46BE,
    0x46BE,0x46BE,0x46BE,0x3EBE,0x4EFE,0x77FF,0x5E39,0x1186,0x0000,0x4020,0x9100,0xB980,0xD9E0,0xE240,0xE240,0xE240,
    0xE220,0xD1A0,0xB960,0x90E0,0x5860,0x2000,0x0000,0x1881,0x71E4,0xCB47,0xEBC9,0xE3A8,0xC327,0x3902,0x2040,0x6040,
    0x2860,0x4A88,0xA40B,0xE426,0xFBC0,0xFBE0,0xE340,0x2840,0x1166,0x779E,0x5F5F,0x3E9E,0x46BE,0x46BE,0x46BE,0x369E,
    0x9F1C,0xFFBA,0xF79A,0xFFBA,0xFFBA,0xFFDB,0xFFBB,0xF79A,0xF77A,0xE739,0xDED8,0xCE98,0xC637,0xBE17,0xB617,0xADF7,
    0xAE17,0xADF7,0x0000,0x0000,0x0000,0x0000,0x0000,0x0000,0x0000,0x0000,0x0000,0x0000,0x0000,0x0000,0x0000,0x0000,
    0x0000,0x0000,0x0000,0x0000,0x0000,0x0000,0x0000,0x0000,0x0000,0x0000,0x0000,0x0000,0x0000,0x0000,0x0000,0x0000,
    0x0000,0x0000,0x0000,0x0000,0x0000,0x0000,0x0000,0x0000,0x0000,0x0000,0x0000,0x0000,0x0000,0x0000,0x46FF,0x46DE,
    0x46BE,0x46BE,0x46BE,0x46BE,0x46BE,0x46BE,0x46BE,0x46BE,0x46BE,0x46BE,0x46BE,0x46BE,0x3EBE,0x4EDE,0x77DF,0x77BF,
    0x44D4,0x09C7,0x0000,0x0000,0x2800,0x3820,0x4020,0x4040,0x3820,0x2000,0x0000,0x0000,0x0020,0x4943,0xA285,0xEBC9,
    0xFC8B,0xFCED,0xFD2F,0xF4CD,0xFC4A,0xB2E6,0x0000,0x4268,0xC590,0xFD09,0xFBE1,0xFB80,0xFB80,0xF380,0xFBC0,0xD300,
    0x0000,0x3C72,0x77FF,0x46BE,0x46BE,0x36BE,0x3EBE,0x4EDE,0xD77C,0xFFDA,0xFFBB,0xF79A,0xEF5A,0xE6F9,0xD6B8,0xCE57,
    0xBE37,0xAE17,0xA618,0x963A,0x7E5B,0x6EDD,0x0000,0x0000,0x0000,0x0000,0x0000,0x0000,0x0000,0x0000,0x0000,0x0000,
    0x0000,0x0000,0x0000,0x0000,0x0000,0x0000,0x0000,0x0000,0x0000,0x0000,0x0000,0x0000,0x0000,0x0000,0x0000,0x0000,
    0x0000,0x0000,0x0000,0x0000,0x0000,0x0000,0x0000,0x0000,0x0000,0x0000,0x0000,0x0000,0x0000,0x77FF,0x7FFF,0x77DF,
    0x0000,0x0000,0x0000,0x0000,0x0000,0x46DF,0x3EDF,0x3EBE,0x3EBE,0x46BE,0x46BE,0x46BE,0x46BE,0x46BE,0x46BE,0x46BE,
    0x46BE,0x46BE,0x46BE,0x46BE,0x46BE,0x3EBE,0x3E9E,0x5F1E,0x7FFF,0x2B2D,0x18A2,0x8C4F,0x59A4,0x4922,0x3902,0x38E2,
    0x4102,0x5143,0x71C4,0xB2E7,0xE3A9,0xFC6B,0xFCED,0xFD6F,0xFDB1,0xFDD1,0xFDD1,0xFCCD,0xE3A8,0x2060,0x7C0D,0xFED3,
    0xFC24,0xFB40,0xFB80,0xFBA0,0xFBA0,0xFBA0,0xFBA0,0xFBC0,0x48C0,0x0946,0x77BF,0x4F1F,0x3EBF,0x7EFD,0xC73B,0xD73A,
    0xE719,0xDED8,0xD698,0xBE58,0xB638,0xA639,0x8E3A,0x767B,0x6E9C,0x56BD,0x46BE,0x3EBF,0x3EBF,0x3EDF,0x3EFF,0x0000,
    0x0000,0x0000,0x0000,0x0000,0x0000,0x0000,0x0000,0x0000,0x0000,0x0000,0x0000,0x0000,0x0000,0x0000,0x0000,0x0000,
    0x0000,0x0000,0x0000,0x0000,0x0000,0x0000,0x0000,0x0000,0x0000,0x0000,0x0000,0x0000,0x0000,0x0000,0x0000,0x0000,
    0x0000,0x0000,0x0000,0x0000,0x77FF,0x66FC,0x336E,0x77FF,0x77FF,0x0000,0x0000,0x0000,0x36BE,0x3EFF,0x4EBE,0x66DE,
    0x56DE,0x3EBE,0x3EBE,0x46BE,0x46BE,0x46BE,0x46BE,0x46BE,0x46BE,0x46BE,0x46BE,0x46BE,0x46BE,0x3EBE,0x4EDE,0x6FDF,
    0x77DF,0x0041,0x73AD,0xFFFC,0xFD90,0xFD6F,0xFD2E,0xFD0D,0xFD2E,0xFD6F,0xFD90,0xFDD0,0xFE11,0xFE32,0xFE53,0xFE12,
    0xFDB1,0xFDD1,0xFD2F,0xFC2A,0x5942,0x4288,0xFF35,0xFBA2,0xFB60,0xFBA0,0xFB80,0xFB80,0xFB80,0xFB80,0xD2E0,0xFBE0,
    0x7180,0x0000,0x6EFC,0x5F5F,0x967A,0xDE77,0xC637,0xB637,0xA638,0x8E3A,0x765B,0x669C,0x4EBE,0x46BE,0x3EDF,0x3EDF,
    0x3EBF,0x3EBE,0x3EBE,0x46BE,0x46BE,0x46BE,0x46FF,0x46DE,0x0000,0x0000,0x0000,0x0000,0x0000,0x0000,0x0000,0x0000,
    0x0000,0x0000,0x0000,0x0000,0x0000,0x0000,0x0000,0x0000,0x0000,0x0000,0x0000,0x0000,0x0000,0x0000,0x0000,0x0000,
    0x0000,0x0000,0x0000,0x0000,0x0000,0x0000,0x0000,0x0000,0x0000,0x0000,0x0000,0x0000,0x77FF,0x1124,0x0000,0x4492,
    0x77FF,0x0000,0x0000,0x369E,0x675F,0xBF3C,0xEF9B,0xFF9A,0xF79B,0xBF5C,0x56DE,0x3EBE,0x46BE,0x46BE,0x46BE,0x46BE,
    0x46BE,0x46BE,0x46BE,0x46BE,0x3EBE,0x571E,0x7FFF,0x667A,0x1A8A,0x0000,0x2944,0x5206,0x51C5,0x5A06,0x5206,0x5206,
    0x5206,0x4184,0x49A4,0x4984,0x4984,0x59C5,0x7A87,0xD4AE,0xFE12,0xFDD1,0xFD70,0xFC4A,0x79A3,0x5AEA,0xFCE8,0xFB40,
    0xFBA0,0xFBA0,0xF340,0xEB00,0xEB20,0xFB60,0x91C0,0xEB60,0x79C0,0x0000,0x5EBB,0x8F5E,0x9E19,0x7E5B,0x667C,0x569D,
    0x46BE,0x3EDF,0x3EDF,0x3EBF,0x3EBE,0x3EBE,0x46BE,0x46BE,0x46BE,0x46BE,0x46BE,0x46BE,0x46BE,0x46BE,0x3EBE,0x471F,
    0x46BE,0x0000,0x0000,0x0000,0x0000,0x0000,0x0000,0x0000,0x0000,0x0000,0x0000,0x0000,0x0000,0x0000,0x0000,0x0000,
    0x0000,0x0000,0x0000,0x0000,0x0000,0x0000,0x0000,0x0000,0x0000,0x0000,0x0000,0x0000,0x0000,0x0000,0x0000,0x0000,
    0x0000,0x0000,0x0000,0x7FFF,0x4D35,0x0000,0x2103,0x19E7,0x77FF,0x0000,0x0000,0xA79F,0xFF9A,0xFFBA,0xFFBA,0xFFBA,
    0xFFBA,0xFFBA,0xCF5C,0x3EBE,0x46BE,0x46BE,0x46BE,0x46BE,0x46BE,0x46BE,0x46BE,0x3EBE,0x46DE,0x77FF,0x44D3,0x0000,
    0x5268,0xAD32,0x94D1,0x29E8,0x0000,0x6A66,0xA3AB,0x59E5,0x0000,0x52CA,0x844F,0x7C0E,0x634C,0x42AA,0x21A7,0x0020,
    0x7A87,0xFDD1,0xFDD1,0xFCAC,0xE388,0x30E2,0xE320,0xFBC0,0xFB80,0xFBC0,0xEAE0,0xE280,0xDA80,0xF2E0,0x9160,0xC2A0,
    0x79C0,0x0000,0x66BB,0x677F,0x3E9E,0x3EDF,0x3EBF,0x3EBE,0x3EBE,0x46BE,0x46BE,0x46BE,0x46BE,0x46BE,0x46BE,0x46BE,
    0x46BE,0x46BE,0x46BE,0x46BE,0x46BE,0x46BE,0x46BE,0x46BE,0x473F,0x3EBE,0x0000,0x0000,0x0000,0x0000,0x0000,0x0000,
    0x0000,0x0000,0x0000,0x0000,0x0000,0x0000,0x0000,0x0000,0x0000,0x0000,0x0000,0x0000,0x0000,0x0000,0x0000,0x0000,
    0x0000,0x0000,0x0000,0x0000,0x0000,0x0000,0x0000,0x0000,0x0000,0x0000,0x0000,0x7FFF,0x1249,0x5248,0x8C4F,0x0000,
    0x6F5E,0x87BF,0xCF3B,0xFFFB,0xFFBA,0xF7BA,0xFFBA,0xFFBA,0xFFBA,0xFFBA,0xFFBA,0x6EDE,0x3EBE,0x3EBE,0x36BE,0x3EBE,
    0x46BE,0x46BE,0x46BE,0x3E9E,0x5F5F,0x6F3D,0x0041,0x8C4F,0xFFFF,0xC77D,0x561D,0x45FD,0x09A8,0x1881,0x3144,0x1881,
    0x8C4F,0xFFFF,0xFFFE,0xF7FE,0x767D,0x45FC,0x45DC,0x2C96,0x0083,0x82C7,0xFE32,0xF52F,0xFC2A,0x5143,0x81C0,0xFBE0,
    0xFB80,0xFBC0,0xD1E0,0xD200,0xC9C0,0xEA80,0x88E0,0x81C0,0x6140,0x0000,0x6EFC,0x5F5F,0x3E9E,0x46BE,0x46BE,0x46BE,
    0x46BE,0x46BE,0x46BE,0x46BE,0x46BE,0x46BE,0x46BE,0x46BE,0x46BE,0x46BE,0x46BE,0x46BE,0x46BE,0x46BE,0x46BE,0x46BE,
    0x46DE,0x46FF,0x0000,0x0000,0x0000,0x0000,0x0000,0x0000,0x0000,0x0000,0x0000,0x0000,0x0000,0x0000,0x0000,0x0000,
    0x0000,0x0000,0x0000,0x0000,0x0000,0x0000,0x0000,0x0000,0x0000,0x0000,0x0000,0x0000,0x0000,0x0000,0x0000,0x0000,
    0x0000,0x0000,0x0000,0x77DF,0x0041,0x840E,0xCE15,0x0000,0x56BB,0xBFFE,0xFFBA,0xF79A,0xFFBA,0xFFBA,0xFFBA,0xFFBA,
    0xFFBA,0xFFBA,0xFFBA,0x76FD,0x36BE,0x7EFD,0x871D,0x56DE,0x3EBE,0x46BE,0x46BE,0x3E9E,0x6FDF,0x4D76,0x39C6,0xFFFD,
    0xF7DC,0xEF9B,0x6DFA,0x25BD,0x0A2B,0x4A27,0xBD31,0x0000,0xEF7A,0xFFFC,0xF7BB,0xF7BB,0xCF3B,0x2D5A,0x2D5A,0x35DD,
    0x2455,0x0840,0xED70,0xFE32,0xFC8B,0x8A46,0x5120,0xFBC0,0xFBC0,0xE2A0,0xC140,0xC160,0xC160,0xD1C0,0x9100,0x38A0,
    0x29A5,0x22CB,0x6F7E,0x571F,0x3E9E,0x46BE,0x46BE,0x46BE,0x46BE,0x46BE,0x46BE,0x46BE,0x46BE,0x46BE,0x46BE,0x46BE,
    0x46BE,0x46BE,0x46BE,0x46BE,0x46BE,0x46BE,0x46BE,0x46BE,0x3EBE,0x46FF,0x3EBE,0x0000,0x0000,0x0000,0x0000,0x0000,
    0x0000,0x0000,0x0000,0x0000,0x0000,0x0000,0x0000,0x0000,0x0000,0x0000,0x0000,0x0000,0x0000,0x0000,0x0000,0x0000,
    0x0000,0x0000,0x0000,0x0000,0x0000,0x0000,0x0000,0x0000,0x0000,0x0000,0x7FFF,0x66FC,0x0000,0xC5F4,0xD676,0x0020,
    0x565A,0xB7FE,0xFF9A,0xFFBA,0xFFBA,0xFFBA,0xFFBA,0xFFBA,0xFFBA,0xFFBA,0xEF9B,0x76FD,0xCF5C,0xFFBA,0xFFBA,0xE77B,
    0x56DE,0x36BE,0x3EBE,0x3E9E,0x77FF,0x2BCF,0x6AEA,0xDFBD,0xEFBB,0xFFFC,0x761A,0x2DDD,0x01C9,0x9C8F,0xDDF3,0x39A5,
    0xE79C,0x9E9B,0xEFBC,0xFFFC,0xDF7C,0x357B,0x2D7A,0x2D5A,0x359B,0x0967,0x4164,0x936A,0xEC2A,0xC328,0x5940,0xFBE0,
    0xE2C0,0xC960,0xD9A0,0xD180,0xD180,0xD160,0x9920,0x0000,0x2AEC,0x5E5A,0x6FBF,0x46DE,0x3EBE,0x46BE,0x46BE,0x46BE,
    0x46BE,0x46BE,0x46BE,0x46BE,0x46BE,0x46BE,0x46BE,0x46BE,0x46BE,0x46BE,0x3EBE,0x3EBE,0x3EBE,0x3EBE,0x3EBE,0x46BE,
    0x46BE,0x46DE,0x577F,0x5F3F,0x0000,0x0000,0x0000,0x0000,0x0000,0x0000,0x0000,0x0000,0x0000,0x0000,0x0000,0x0000,
    0x0000,0x0000,0x0000,0x0000,0x0000,0x0000,0x0000,0x0000,0x0000,0x0000,0x0000,0x0000,0x0000,0x0000,0x0000,0x0000,
    0x0000,0x0000,0x7FFF,0x4D55,0x0000,0xDEF8,0xD677,0x0820,0x4E19,0xB7FF,0xFF9A,0xFFBA,0xFFBA,0xFFBA,0xFF9A,0xFF9A,
    0xFF9A,0xFFBA,0xE79B,0xEF9B,0xFFBA,0xFFBB,0xF7BB,0xFFDA,0xBF5C,0x6EFE,0x56DE,0x469D,0x77FF,0x2B6E,0x5A68,0xB73D,
    0xD73B,0x8E5B,0x2DBC,0x24F8,0x08E4,0xE718,0xCD0F,0x20E3,0x65DA,0xD77C,0xFFFC,0xEFBC,0x55DB,0x255B,0x357B,0x2D5A,
    0x2DBC,0x122A,0x1020,0x0000,0x0000,0x30A1,0x4900,0xDAC0,0xD160,0xA0E0,0x5000,0x3800,0x6080,0xC960,0x78C0,0x0000,
    0x5596,0x77BF,0x675F,0x3EBE,0x46BE,0x46BE,0x46BE,0x46BE,0x46BE,0x46BE,0x46BE,0x46BE,0x46BE,0x3EBE,0x3EBE,0x3EBE,
    0x3EBE,0x46BE,0x46BE,0x4EDE,0x571F,0x573F,0x5F5F,0x677F,0x6F9F,0x6FBF,0x77DF,0x77DF,0x0000,0x0000,0x0000,0x0000,
    0x0000,0x0000,0x0000,0x0000,0x0000,0x0000,0x0000,0x0000,0x0000,0x0000,0x0000,0x0000,0x0000,0x0000,0x0000,0x0000,
    0x0000,0x0000,0x0000,0x0000,0x0000,0x0000,0x0000,0x0000,0x0000,0x0000,0x7FFF,0x33AF,0x0000,0xEF7A,0xD656,0x0820,
    0x4E19,0xB7FF,0xFF9A,0xF7BA,0xFFBA,0xFFBA,0xFFBA,0xFFDB,0xFFBB,0xFFBA,0xFFBA,0xFF9A,0xF77A,0xF759,0xF739,0xEF39,
    0xE73A,0xD75B,0xA71D,0x56BE,0x6FDF,0x4D76,0x20E2,0x7E1A,0x2D5B,0x2D7B,0x2D19,0x00C4,0x8C4F,0xFFBA,0xF54F,0x18A1,
    0x1C35,0xC75D,0xAEDB,0x4DBB,0x255B,0x357B,0x2D7B,0x2D7A,0x2D9B,0x0947,0xC42B,0xE52F,0x8309,0x3944,0x0000,0x0800,
    0x3820,0x3123,0x638D,0x6BAD,0x1924,0x2820,0x3020,0x0925,0x779E,0x677F,0x46DE,0x46BE,0x46BE,0x46BE,0x46BE,0x3EBE,
    0x3EBE,0x3EBE,0x3EBE,0x46BE,0x46BE,0x46DE,0x56FE,0x573F,0x5F5F,0x677F,0x6F9F,0x6FBF,0x77BF,0x77DF,0x77DF,0x77DF,
    0x77DF,0x77DF,0x77BF,0x77FF,0x677F,0x0000,0x0000,0x0000,0x0000,0x0000,0x0000,0x0000,0x0000,0x0000,0x0000,0x0000,
    0x0000,0x0000,0x0000,0x0000,0x0000,0x0000,0x0000,0x0000,0x0000,0x0000,0x0000,0x0000,0x0000,0x0000,0x0000,0x0000,
    0x0000,0x0000,0x7FFF,0x2B0C,0x1061,0xFFDB,0xCE16,0x0840,0x4E39,0xB7FF,0xFFBA,0xFFBA,0xF79A,0xF77A,0xE739,0xDEF9,
    0xD6B8,0xD698,0xC658,0xB638,0xAE38,0x965A,0x7E7B,0x669C,0x4E9E,0x46BE,0x3EBE,0x3E9E,0x5F5F,0x6F5E,0x0882,0x22AC,
    0x361E,0x2CB7,0x08E4,0x8C4F,0xFFFC,0xFDD1,0xFE12,0x7A86,0x0168,0x35DD,0x253A,0x255A,0x357A,0x2D7A,0x2D5A,0x35DC,
    0x1C55,0x20C2,0xF590,0xFDF1,0xFE93,0x936A,0x7180,0x7180,0x2145,0xE75B,0xFFFC,0xFED6,0xF613,0x3964,0x0000,0x44B3,
    0x77FF,0x469E,0x3E9E,0x3EBE,0x3EBE,0x46BE,0x46BE,0x46DE,0x4EFF,0x573F,0x5F5F,0x677F,0x6F9F,0x6F9F,0x77BF,0x77BF,
    0x77BF,0x77BF,0x77DF,0x77DF,0x77DF,0x77BF,0x6F9F,0x677F,0x5F5F,0x573F,0x4EFE,0x46DE,0x46FF,0x0000,0x0000,0x0000,
    0x0000,0x0000,0x0000,0x0000,0x0000,0x0000,0x0000,0x0000,0x0000,0x0000,0x0000,0x0000,0x0000,0x0000,0x0000,0x0000,
    0x0000,0x0000,0x0000,0x0000,0x0000,0x0000,0x0000,0x0000,0x0000,0x0000,0x7FFF,0x1A8A,0x3984,0xFFFC,0xBDB4,0x0040,
    0x567B,0xB7FE,0xE6F8,0xCE98,0xC657,0xBE37,0xB617,0xAE18,0x9E39,0x7E5A,0x6E7C,0x569D,0x46BE,0x3EBE,0x3EBF,0x3EBF,
    0x3EBE,0x46BE,0x46BE,0x3E9E,0x46BE,0x77FF,0x55B7,0x0082,0x2371,0x02CF,0x62EA,0xFFFD,0xFDF2,0xFDB0,0xFDF2,0xED50,
    0x2081,0x0ACE,0x3DFD,0x35BC,0x359B,0x359B,0x35DC,0x355A,0x00C4,0x9308,0xFE32,0xFD90,0xFDF1,0x51C5,0xD2E0,0x9200,
    0xC4D0,0xFF58,0x9B8A,0x6205,0xED4F,0xBC2C,0x0020,0x6EFC,0x677F,0x46BE,0x4EFE,0x571F,0x5F5F,0x677F,0x6F9F,0x6FBF,
    0x77BF,0x77DF,0x77DF,0x77BF,0x77BF,0x77FF,0x7FFF,0x7FFF,0x77FF,0x77DF,0x677F,0x5F3F,0x571F,0x4EFE,0x46DE,0x46BE,
    0x3EBE,0x3E9E,0x3E9E,0x3E9E,0x3EFF,0x3E9E,0x0000,0x0000,0x0000,0x0000,0x0000,0x0000,0x0000,0x0000,0x0000,0x0000,
    0x0000,0x0000,0x0000,0x0000,0x0000,0x0000,0x0000,0x0000,0x0000,0x0000,0x0000,0x0000,0x0000,0x0000,0x0000,0x0000,
    0x0000,0x0000,0x77FF,0x1A49,0x41C6,0xFFFD,0xAD12,0x0000,0x56BB,0xAF9D,0xB5F7,0x95F8,0x863A,0x6E5B,0x5E7D,0x46BE,
    0x46BE,0x3EBF,0x3EBF,0x3EBE,0x3EBE,0x46BE,0x46BE,0x46BE,0x46BE,0x3EBE,0x46BE,0x571E,0x6FFF,0x77DF,0x66BB,0x2249,
    0x0000,0x1082,0x4A68,0xFE33,0xFDB0,0xFDB0,0xFD6F,0xFDF1,0xC44C,0x1060,0x0188,0x1C14,0x24F8,0x24F8,0x1BD3,0x00C4,
    0x59A4,0xFDD1,0xFDB1,0xFDF1,0xDD0F,0x4101,0xEB40,0x7A44,0xFDF2,0xBC0B,0x28C2,0xE50F,0xF590,0xCC8D,0x0020,0x5E5A,
    0x77FF,0x6F9F,0x77BF,0x77BF,0x77DF,0x77DF,0x77DF,0x77DF,0x77DF,0x77BF,0x6F9F,0x77FF,0x77DF,0x5E5A,0x4D55,0x4535,
    0x5E39,0x6F9F,0x77FF,0x56FE,0x3E9E,0x3EBE,0x46BE,0x46BE,0x46DE,0x4EFE,0x571F,0x571F,0x5F3F,0x677F,0x0000,0x0000,
    0x0000,0x0000,0x0000,0x0000,0x0000,0x0000,0x0000,0x0000,0x0000,0x0000,0x0000,0x0000,0x0000,0x0000,0x0000,0x0000,
    0x0000,0x0000,0x0000,0x0000,0x0000,0x0000,0x0000,0x0000,0x0000,0x0000,0x77FF,0x1A49,0x4A06,0xFFFD,0x738C,0x0000,
    0x6F5E,0x87FF,0x779F,0x679F,0x5F7F,0x575F,0x4F3F,0x4EFF,0x4EDE,0x46BE,0x469E,0x469E,0x3E9E,0x3E9E,0x3E9E,0x3E9E,
    0x3E9E,0x4EDE,0x6FBF,0x77FF,0x4D55,0x19E7,0x0061,0x09E9,0x0105,0xBBEB,0x59E5,0x5122,0xEC0A,0xC348,0xDB89,0xD389,
    0xED4F,0xED6F,0x6A05,0x20C2,0x0882,0x0861,0x3123,0x9308,0xFDD1,0xFDD1,0xFDB0,0xFE32,0x7AE9,0x91E0,0xEB20,0x6A66,
    0xFE32,0x6246,0x20C2,0xE50F,0xFE53,0xABEB,0x0000,0x5E7A,0x77FF,0x77BF,0x77BF,0x77DF,0x77BF,0x77BF,0x6F9F,0x677F,
    0x5F3F,0x677F,0x7FFF,0x4D97,0x0986,0x0861,0x1082,0x18E3,0x0040,0x08E4,0x4CF4,0x7FFF,0x677F,0x677F,0x6F9F,0x6FBF,
    0x77BF,0x77BF,0x77BF,0x77DF,0x77BF,0x7FFF,0x77BF,0x0000,0x0000,0x0000,0x0000,0x0000,0x0000,0x0000,0x0000,0x0000,
    0x0000,0x0000,0x0000,0x0000,0x0000,0x0000,0x0000,0x0000,0x0000,0x0000,0x0000,0x0000,0x0000,0x0000,0x0000,0x0000,
    0x0000,0x0000,0x7FFF,0x1A6A,0x5247,0xFFFF,0x5AA9,0x0000,0x55D7,0x5639,0x5639,0x669A,0x66DB,0x6F1C,0x777E,0x7FFF,
    0x7FFF,0x7FFF,0x77FF,0x77FF,0x6FDF,0x679F,0x5F7F,0x573F,0x5F3F,0x77FF,0x669A,0x19E8,0x00A3,0x12EE,0x2559,0x257A,
    0x0083,0x7AE8,0x8C2F,0x634C,0x92A6,0x81C1,0xAA82,0xA262,0xA369,0xAC0D,0xDD0F,0xD4AD,0xED0E,0xFD90,0xFE12,0xFE12,
    0xFDD1,0xFDB1,0xFDD1,0xED70,0x4122,0xEB80,0xC260,0x7267,0xED2F,0xABCB,0xD4CE,0xE52F,0xFE11,0x5984,0x00C3,0x779E,
    0x6FBF,0x6F9F,0x677F,0x5F5F,0x573F,0x571F,0x571F,0x571F,0x571E,0x77FF,0x44D3,0x18A2,0x9491,0xE73B,0xF7BE,0xB5D6,
    0x9CF2,0x83EF,0x0000,0x3C10,0x7FFF,0x77BF,0x77BF,0x77BF,0x77BF,0x77BF,0x77BF,0x77BF,0x6FBF,0x77DF,0x77BF,0x0000,
    0x0000,0x0000,0x0000,0x0000,0x0000,0x0000,0x0000,0x0000,0x0000,0x0000,0x0000,0x0000,0x0000,0x0000,0x0000,0x0000,
    0x0000,0x0000,0x0000,0x0000,0x0000,0x0000,0x0000,0x0000,0x77DF,0x7FFF,0x77DF,0x1A49,0x3123,0xA532,0x2924,0x0020,
    0x0841,0x0841,0x0041,0x0041,0x0041,0x0021,0x0041,0x0145,0x1208,0x1A8A,0x230C,0x33F0,0x4D96,0x5E59,0x66DC,0x6F5E,
    0x77FF,0x44B3,0x0061,0x0A0A,0x2D9A,0x2E3D,0x2DFC,0x0967,0x4A48,0xCE14,0xFDCE,0xFCE8,0xFBE1,0xFBE0,0xFBE0,0xFBA0,
    0xEB61,0xD3A5,0xAC0A,0x83AB,0x7B4B,0x8B29,0xD4AD,0xFDF1,0xFDD1,0xFDB0,0xFE32,0x72A8,0x89E0,0xFC20,0x9980,0x5A06,
    0xF5B1,0xFDB1,0xFDB1,0xFD6F,0xBB28,0x0000,0x44D4,0x7FFF,0x675F,0x675F,0x677F,0x677F,0x6F9F,0x6FBF,0x77BF,0x77BF,
    0x7FFF,0x55D7,0x0000,0x6B4E,0xE73C,0xEF5C,0xFFFF,0xAD74,0xCE78,0xFFFF,0x94B1,0x0000,0x5E39,0x77FF,0x6F9F,0x77BF,
    0x77BF,0x77BF,0x77BF,0x77BF,0x77DF,0x77BF,0x7FFF,0x0000,0x0000,0x0000,0x0000,0x0000,0x0000,0x0000,0x0000,0x0000,
    0x0000,0x0000,0x0000,0x0000,0x0000,0x0000,0x0000,0x0000,0x0000,0x0000,0x0000,0x0000,0x0000,0x0000,0x0000,0x77DF,
    0x7FFF,0x3C51,0x0925,0x0861,0x2964,0x5288,0x18C2,0x39E7,0xDEDA,0xDEDA,0xD6B9,0xCE78,0xC637,0xBDD6,0x9CD2,0x738D,
    0x6B2C,0x62CA,0x5248,0x41E7,0x2124,0x0882,0x0882,0x08E4,0x11A7,0x0000,0x12AC,0x36BF,0x2DDB,0x2DDB,0x2538,0x0021,
    0xAC4C,0xF3E4,0xEAE0,0xCAC0,0x6960,0x6160,0xDB20,0xFBC0,0xFBE0,0xFBE0,0xFC01,0xFCC6,0xED4B,0xBD0E,0x5AC8,0x51E5,
    0xF590,0xFE32,0xB40C,0x4900,0xFBA0,0xFBA0,0x8900,0x4943,0xFCCC,0xFCAC,0xFC4B,0xA285,0x1000,0x2B4E,0x77FF,0x77BF,
    0x77BF,0x77DF,0x77BF,0x77BF,0x77BF,0x77BF,0x77BF,0x77DF,0x66FC,0x0082,0x10A4,0x218A,0x1108,0x1929,0x424D,0x31A8,
    0x5B2E,0xA556,0xDEFB,0x2903,0x2B0C,0x7FFF,0x77BF,0x77DF,0x77BF,0x77BF,0x6FBF,0x6F9F,0x677F,0x5F5F,0x5F7F,0x4EFE,
    0x0000,0x0000,0x0000,0x0000,0x0000,0x0000,0x0000,0x0000,0x0000,0x0000,0x0000,0x0000,0x0000,0x0000,0x0000,0x0000,
    0x0000,0x0000,0x0000,0x0000,0x0000,0x0000,0x0000,0x7FFF,0x19C7,0x2923,0xAD31,0xE718,0xF79A,0xFFFD,0x5AE9,0x31A6,
    0xFFFF,0xFFFF,0xFFFF,0xFFFF,0xFFFF,0xFFFF,0xFFFF,0xFFFF,0xFFFF,0xFFFF,0xFFFF,0xFFFF,0xFFDE,0xEF5C,0xE6FB,0xAD74,
    0x736D,0x738D,0x0082,0x1370,0x2E3D,0x2DFC,0x2DDB,0x1370,0x0020,0x0820,0x1060,0x2061,0x6146,0x5125,0x2881,0x6160,
    0x79A0,0x9A20,0xA220,0x89A0,0x81C0,0x7203,0x6287,0x8B29,0xFE12,0xD4EE,0x4102,0xDB20,0xFBC0,0xFB00,0x70A0,0x1860,
    0x9A65,0x8204,0x3880,0x0020,0x3410,0x77FF,0x77BF,0x77BF,0x77BF,0x77BF,0x77BF,0x77BF,0x77BF,0x77BF,0x77BF,0x7FFF,
    0x1A08,0x3186,0xDF1C,0xC659,0x94F5,0x7C12,0x6350,0x1906,0x10E7,0x1949,0x196A,0x0043,0x1165,0x77BF,0x677F,0x573F,
    0x571F,0x4EFE,0x46DE,0x46BE,0x46BE,0x3EBE,0x3EBE,0x3EBE,0x0000,0x0000,0x0000,0x0000,0x0000,0x0000,0x0000,0x0000,
    0x0000,0x0000,0x0000,0x0000,0x0000,0x0000,0x0000,0x0000,0x0000,0x0000,0x0000,0x0000,0x0000,0x0000,0x7FFF,0x55D8,
    0x0000,0xD697,0xFFFD,0xFFBB,0xFFBB,0xFFFC,0x5288,0x3186,0xFFFF,0xFFFF,0xFFFF,0xFFFF,0xFFFF,0xFFFF,0xFFFF,0xFFFE,
    0xFFFE,0xFFDE,0xFFDE,0xFFDE,0xFFFE,0xFFFF,0xFFFF,0xE71B,0xC658,0xFFFF,0xA513,0x20E3,0x01A8,0x2518,0x363D,0x369F,
    0x01E9,0x5227,0xD591,0x5964,0x8186,0xB269,0xA229,0x5105,0x1042,0x4966,0x61C7,0x5186,0x1883,0x18A2,0xCC6D,0xFEB3,
    0xCCAE,0x3902,0xCAC0,0xFBC0,0xFBA0,0xE220,0x5880,0x0000,0x0000,0x0000,0x22CC,0x6F1C,0x7FFF,0x77BF,0x6F9F,0x77BF,
    0x77BF,0x77BF,0x77BF,0x77BF,0x77BF,0x6F9F,0x7FFF,0x44F4,0x0000,0xC4B0,0xFF1A,0xFF9C,0xFFFF,0xFFFF,0xFFFF,0x7BEF,
    0xBE38,0xD6FB,0xA577,0x52AB,0x0000,0x6EFC,0x5F5F,0x3E9E,0x3EBE,0x3EBE,0x3EBE,0x3EBE,0x3EBE,0x3EBE,0x3E9E,0x471F,
    0x0000,0x0000,0x0000,0x0000,0x0000,0x0000,0x0000,0x0000,0x0000,0x0000,0x0000,0x0000,0x0000,0x0000,0x0000,0x0000,
    0x0000,0x0000,0x0000,0x0000,0x0000,0x0000,0x77FF,0x6F7D,0x0082,0x4A07,0xC616,0xCE78,0xCE57,0xD698,0x31C7,0x4060,
    0xFB87,0xF42B,0xF4AD,0xF52F,0xF615,0xFED9,0xFF3B,0xFF9C,0xFFFE,0xFFFF,0xFFFF,0xFFFF,0xFFFF,0xFFFF,0xF7BE,0xC617,
    0xCE78,0xFFFF,0xFFFF,0xEF3C,0x6B0B,0x0082,0x026B,0x24D7,0x00C4,0x838B,0xED4E,0xED70,0x7287,0x5124,0x3082,0x4945,
    0x9ACB,0xA2EB,0x8269,0x6A06,0xA38A,0xFE11,0xFE32,0x8B2A,0x4101,0xCAE0,0xFBC0,0xFBA0,0xEAE0,0xD160,0x4860,0x1881,
    0x1040,0x0000,0x0945,0x2B8E,0x55F8,0x77BF,0x7FFF,0x77FF,0x77DF,0x6F9F,0x77BF,0x77BF,0x77BF,0x77DF,0x6F5D,0x0082,
    0x6880,0xFA20,0xEA20,0xEA60,0xEAE4,0xEBEA,0xFCCD,0x6A47,0xDDB5,0xFF5B,0xFFFF,0xC617,0x0000,0x5E39,0x67BF,0x3E9E,
    0x3EBE,0x3EBE,0x3EBE,0x46BE,0x46DE,0x4EFE,0x571F,0x679F,0x677F,0x0000,0x0000,0x0000,0x0000,0x0000,0x0000,0x0000,
    0x0000,0x0000,0x0000,0x0000,0x0000,0x0000,0x0000,0x0000,0x0000,0x0000,0x0000,0x0000,0x0000,0x0000,0x0000,0x77FF,
    0x5E7A,0x08E4,0x20E3,0x73AD,0xA533,0xB595,0x0862,0x5901,0xFAC1,0xEA40,0xEA00,0xE9A0,0xE9C0,0xEA00,0xEA40,0xEA80,
    0xEB46,0xF42A,0xF4AC,0xF50F,0xF5F5,0xFEB9,0xEEB8,0x9CB1,0xD6BA,0xFFFF,0xFFFF,0xFFFF,0xFFFF,0xD6BA,0x62EB,0x0882,
    0x0000,0xC571,0xBB03,0x9B8B,0xFE12,0xF590,0xC46C,0x8B09,0x82C8,0x9B6A,0xCC8D,0xFDD1,0xFE12,0xA3EC,0x51A4,0x79A0,
    0xF360,0xFBC0,0xFBA0,0xF360,0xC9A0,0xC140,0x1820,0x8225,0x1040,0x6B6D,0x7B8D,0x2903,0x0040,0x0104,0x230C,0x55F8,
    0x6F9F,0x7FFF,0x7FFF,0x6FBF,0x673E,0x7FFF,0x2B6E,0x20C3,0xED0F,0xF4AC,0xEC0A,0xEB25,0xEA80,0xEA40,0xEA00,0x70A0,
    0xD9A0,0xEA20,0xF280,0xC284,0x0000,0x4D14,0x6FFF,0x46BE,0x4EFE,0x573F,0x5F5F,0x677F,0x6FBF,0x77BF,0x77BF,0x77FF,
    0x77BF,0x0000,0x0000,0x0000,0x0000,0x0000,0x0000,0x0000,0x0000,0x0000,0x0000,0x0000,0x0000,0x0000,0x0000,0x0000,
    0x0000,0x0000,0x0000,0x0000,0x0000,0x0000,0x0000,0x0000,0x7FFF,0x6F7E,0x2B6E,0x0000,0x0861,0x2945,0x0000,0x72EA,
    0xFEB8,0xF636,0xF5F5,0xF572,0xF50F,0xF4CE,0xF44C,0xF387,0xEAC1,0xEA80,0xEA20,0xE9E0,0xE9C0,0xEA00,0xFA80,0x7920,
    0xC2A5,0xFC2A,0xF48C,0xF50E,0xF5D4,0xFEFA,0xFFDD,0xB554,0x0021,0xCDD3,0xFC21,0x89E0,0x51C4,0x7AE9,0x8309,0xCC8E,
    0xFE12,0xF5B1,0xD4EF,0x934A,0x59A3,0x79A0,0xD2E0,0xFBE0,0xFBA0,0xF360,0xFB80,0xC9E0,0xD160,0x78C0,0x2081,0xCB48,
    0x0000,0xC617,0xFFFF,0xFFFE,0xDEDA,0x8C50,0x5248,0x10C3,0x1145,0x22EC,0x4DB7,0x6F5E,0x7FFF,0x66DC,0x0000,0xB5B5,
    0xFFFF,0xFFFF,0xFFFF,0xFFDE,0xFF7C,0xFF1A,0xF657,0x8B2A,0xECAD,0xF46C,0xF3C9,0xCA83,0x0000,0x33CF,0x7FFF,0x6F9F,
    0x77BF,0x77DF,0x77DF,0x77BF,0x77BF,0x77BF,0x77BF,0x6FBF,0x77DF,0x0000,0x0000,0x0000,0xFFDB,0xFFFC,0xFFFC,0xF79B,
    0x0000,0x0000,0x0000,0x0000,0x0000,0x0000,0x0000,0x0000,0x0000,0x0000,0x0000,0x0000,0x0000,0x0000,0x0000,0x0000,
    0x0000,0x7FFF,0x4D35,0x0020,0xCE35,0x39E6,0x0000,0xB1A0,0xF240,0xE240,0xEAC2,0xEBC9,0xF46C,0xF4CE,0xF50F,0xF593,
    0xF615,0xF636,0xF636,0xF5F5,0xF550,0xFD0F,0xC40C,0x7A47,0xDB05,0xF2A1,0xEA60,0xEA20,0xEA00,0xE1E0,0xF240,0xC1E0,
    0x0000,0xC615,0xFC65,0xFBA0,0xDB00,0x7160,0x40C0,0x8A64,0x9AC5,0x79E1,0x81C0,0xB260,0xEB40,0xFBE0,0xFBC0,0xFBA0,
    0xF340,0xE280,0xC1E0,0xC140,0xB940,0x0800,0x9286,0xDB88,0x0020,0xCE58,0xFFDF,0xFFFE,0xFFFF,0xFFFF,0xFFFF,0xEF7C,
    0xBDB5,0x6B0B,0x39C7,0x1986,0x2B8E,0x0145,0x5AAA,0xFFFF,0xFFDD,0xFFFE,0xFFFE,0xFFFE,0xFFFF,0xFFFF,0xEF9D,0x8451,
    0xFFFF,0xFFFF,0xFFFF,0xE73B,0x0000,0x336E,0x7FFF,0x779F,0x77BF,0x77BF,0x77BF,0x77BF,0x77BF,0x77BF,0x77BF,0x77BF,
    0x7FFF,0x0000,0x0000,0xF7BA,0xFFDB,0xFF9A,0xFF9A,0xFFFB,0xD6D9,0x0000,0x0000,0x0000,0x0000,0x0000,0x0000,0x0000,
    0x0000,0x0000,0x0000,0x0000,0x0000,0x0000,0x0000,0x0000,0x0000,0x7FFF,0x22CB,0x2903,0xFFFD,0x736C,0x0000,0xDCF1,
    0xFDB1,0xFD2F,0xFC8C,0xF3C8,0xEAC3,0xEA40,0xD1E0,0xE200,0xEA40,0xEA40,0xEA60,0xEAC2,0xF3C9,0xF46B,0xE48D,0x9B29,
    0xF552,0xFE15,0xF616,0xF616,0xF5B4,0xF530,0xFD0F,0xDC4C,0x0000,0x9D33,0xFD8C,0xF320,0xFBC0,0xFBE0,0xFBE0,0xF360,
    0xF360,0xFBA0,0xFBC0,0xFBC0,0xFBA0,0xFBA0,0xF360,0xEB20,0xE220,0xA100,0x78C0,0xB940,0x1800,0x3902,0xFC2A,0xCB48,
    0x0840,0xD6B9,0xFFFF,0xFFFE,0xFFDE,0xFFDE,0xFFFE,0xFFFF,0xFFFF,0xFFFF,0xFFFE,0xDEB9,0x8C0F,0x5AEB,0xE75C,0xFFFF,
    0xFFFF,0xFFFF,0xFFFF,0xFFFF,0xFFFF,0xFFFF,0xEF3B,0x738D,0xFFFF,0xFFFF,0xFFFF,0xF7DE,0x1061,0x2AEC,0x77FF,0x6F9F,
    0x77BF,0x77BF,0x77DF,0x77DF,0x77BF,0x6FBF,0x6F9F,0x5F5F,0x5F9F,0x46DF,0x0000,0xFFDB,0xFFBA,0xFF9A,0xFF9A,0xFFBA,
    0xEF7B,0x0000,0x0000,0x0000,0x0000,0x0000,0x0000,0x0000,0x0000,0x0000,0x0000,0x0000,0x0000,0x0000,0x0000,0x0000,
    0x0000,0x77FF,0x1208,0x5227,0xFFFD,0x6B2B,0x0000,0x6472,0x634D,0x94B2,0xD6DA,0xEF9D,0xFFFF,0xFFFE,0xC595,0xFEF9,
    0xFEB8,0xFDD3,0xFD0E,0xF4AC,0xF3E9,0xEB67,0xB1E1,0x78E0,0xF260,0xEA61,0xEA81,0xEA60,0xEAC2,0xEBC9,0xF44B,0xFCCD,
    0x3060,0x4ACA,0xFF16,0xFB40,0xFBA0,0xFB80,0xFB80,0xFBA0,0xFBA0,0xFB80,0xFB80,0xFBA0,0xFBC0,0xF340,0xDA20,0xD9E0,
    0xA100,0x3040,0x70C0,0x1000,0x20A1,0xE388,0xFC0A,0xCB48,0x0000,0x20E3,0x8C71,0xFFDE,0xFFFF,0xFFFF,0xFFFF,0xFFFF,
    0xFFFE,0xFFDE,0xFFFE,0xFFFF,0xFFFF,0xFFFF,0xFFDE,0xEF5C,0xDEFA,0xD6B9,0xCE58,0xBDF7,0xBDD6,0xBDF7,0x9CD2,0x5289,
    0xCE79,0xD699,0xE73B,0xFFFF,0x41A6,0x1249,0x7FFF,0x77FF,0x77BF,0x6F9F,0x677F,0x5F3F,0x571F,0x46DE,0x46BE,0x3EBE,
    0x46DF,0x3EBE,0x0000,0xFFBA,0xFFDB,0xFFBA,0xFF9A,0xFFDB,0xE75B,0x0000,0x0000,0x0000,0x0000,0x0000,0x0000,0x0000,
    0x0000,0x0000,0x0000,0x0000,0x0000,0x0000,0x0000,0x0000,0x0000,0x77FF,0x0945,0x5AA9,0xFFFE,0x736C,0x0000,0x2ACD,
    0x3390,0x0904,0x0020,0x0000,0x39A6,0x632C,0x4AAA,0x8CB2,0xC679,0xD71B,0xE79E,0xF7FF,0xFFFF,0xFFFF,0xD6B9,0x8C50,
    0xFFFE,0xFEF9,0xFE57,0xFD71,0xF4AD,0xEC2A,0xEBA8,0xFB46,0xAA03,0x0020,0xC636,0xFCEB,0xF2E0,0xFBC0,0xFBC0,0xFBA0,
    0xFBA0,0xFBC0,0xFBA0,0xF360,0xE2A0,0xD1A0,0xC940,0x78C0,0x1020,0x0000,0x0000,0x30E2,0xDB88,0xF3E9,0xF40A,0xD368,
    0x0000,0x1986,0x0000,0x2965,0xDD53,0xFE97,0xF6F9,0xFF7B,0xFFFE,0xFFFF,0xFFFF,0xFFFF,0xFFFF,0xFFFF,0xCE79,0x31C7,
    0x39C7,0x39E7,0x5269,0x5AEB,0x630B,0x6B2C,0x6B2C,0x632C,0x632C,0x5AEB,0x4A48,0x5AEB,0x3165,0x10E3,0x336D,0x5E9A,
    0x77DF,0x4EFE,0x3EBE,0x3EBE,0x3EBE,0x46BE,0x3EBE,0x3EBE,0x3EBF,0x46BE,0x0000,0x0000,0xFFBB,0xFF9A,0xFFBA,0xFF9A,
    0xCE99,0x0000,0x0000,0x0000,0x0000,0x0000,0x0000,0x0000,0x0000,0x0000,0x0000,0x0000,0x0000,0x0000,0x0000,0x0000,
    0x0000,0x77FF,0x00A3,0x6B0A,0xFFFE,0x6B4C,0x0000,0x10E3,0x21E9,0x4453,0x4C94,0x332E,0x08E4,0x0000,0x0000,0x0000,
    0x0000,0x0000,0x0841,0x18C2,0x4207,0x5AEB,0x4A89,0x528A,0x9D14,0xCE99,0xDF5C,0xF7FF,0xFFFF,0xFFFF,0xFFFF,0xFFFF,
    0xFFBD,0x41E7,0x18E3,0xB573,0xDB47,0xEA40,0xF2C0,0xF300,0xF2E0,0xEAA0,0xEA40,0xD1A0,0xB920,0x88E0,0x3860,0x0000,
    0x0000,0x1861,0x8A25,0xF3E9,0xF3E9,0xF3E9,0xF40A,0x5101,0x5B2D,0x65B8,0x2165,0x530C,0x1800,0xD241,0xF2E2,0xEA81,
    0xEAC3,0xF387,0xF42A,0xF48C,0xF550,0xF657,0xF6D9,0xE698,0xBDB5,0x8430,0x4ACB,0x4ACB,0x4ACB,0x52EC,0x634D,0x73AE,
    0x7BCE,0xA513,0xB5B5,0xB5B5,0xBE17,0xBDD6,0x28E3,0x0000,0x6EFC,0x677F,0x3E9E,0x46BE,0x46BE,0x3EBE,0x4EBE,0x5EDE,
    0xA73C,0xD77B,0xDF7B,0xFF9A,0xFFDB,0xFFBA,0xFFBA,0xDF1A,0xB617,0x0000,0x0000,0x0000,0x0000,0x0000,0x0000,0x0000,
    0x0000,0x0000,0x0000,0x0000,0x0000,0x0000,0x0000,0x0000,0x0000,0x77FF,0x00A3,0x6B2B,0xFFFE,0x6B2B,0x0000,0x66BB,
    0x2B2C,0x0061,0x08C3,0x2AAC,0x4C74,0x2ACD,0x3B4F,0x2A6B,0x0882,0x0000,0x0000,0x0000,0x0000,0x0000,0x0000,0x0000,
    0x0000,0x0000,0x0820,0x1082,0x4227,0x62EA,0x6B4C,0x632B,0x2966,0x0862,0x0001,0x0000,0x3984,0x58A0,0x7080,0x88E0,
    0x90E0,0x80C0,0x5860,0x4860,0x1000,0x0000,0x0000,0x1861,0x71E4,0xDB68,0xFC2A,0xEBE9,0xF3E9,0xF40A,0x40C1,0x3186,
    0xBFBF,0x234F,0x2966,0xCF7E,0x4AEB,0x1861,0xED93,0xF593,0xF4CE,0xF4AC,0xF46C,0xF3EA,0xEB46,0xEAE3,0xEAE3,0xF2E3,
    0xF346,0xFBE9,0xE3A8,0xBAC5,0x7100,0x4840,0x3000,0x0000,0x0000,0x1081,0x10A2,0x0840,0x0000,0x1082,0x1945,0x2B2C,
    0x6F5D,0x573F,0x3E9E,0x3EBE,0x3EBE,0x56DE,0xE77B,0xFF9A,0xFFBA,0xFFBA,0xFFFB,0xFFDB,0xFFBA,0xEF39,0xD6D9,0xB638,
    0x0000,0x0000,0x0000,0x0000,0x0000,0x0000,0x0000,0x0000,0x0000,0x0000,0x0000,0x0000,0x0000,0x0000,0x0000,0x0000,
    0x0000,0x77FF,0x0145,0x6B2A,0xFFFE,0x62A9,0x0945,0x77FF,0x7FFF,0x66FC,0x3C51,0x19E7,0x0041,0x0061,0x2209,0x332E,
    0x4C74,0x4433,0x330E,0x2A8B,0x1125,0x0882,0x0020,0x0000,0x0000,0x0000,0x0000,0x0000,0x0000,0x0044,0x0085,0x092A,
    0x19ED,0x2A4F,0x2A91,0x21ED,0x00A6,0x0022,0x0000,0x0000,0x0000,0x0000,0x0020,0x0000,0x2081,0x6183,0x9245,0xDB88,
    0xFC09,0xFCAC,0xF48C,0xF3C9,0xF40A,0x40C1,0x2104,0xCF5D,0x4DB8,0x1104,0x3AAE,0x32B0,0xBEBB,0x2186,0x30C1,0xF365,
    0xFBC8,0xEC0B,0xF44B,0xF48C,0xF4CD,0xFD51,0xFDB3,0xFDB3,0xFD51,0xFCCC,0xFCAC,0xFCAC,0xFC8B,0xFBC7,0xF2C2,0x28C1,
    0xBDD4,0xA4F1,0x4207,0x0020,0x228A,0x4DB7,0x675E,0x67FF,0x677F,0xA73C,0xCF5B,0x871D,0x3EBE,0xB75C,0xFFBA,0xFFBA,
    0xFFBB,0xFFBB,0xF79A,0xEF5A,0xD6FA,0xB638,0xB638,0x0000,0x0000,0x0000,0x0000,0x0000,0x0000,0x0000,0x0000,0x0000,
    0x0000,0x0000,0x0000,0x0000,0x0000,0x0000,0x0000,0x0000,0x0000,0x77FF,0x11E8,0x6B0A,0xFFFE,0x5227,0x1A6A,0x7FFF,
    0x6F9F,0x77DF,0x7FFF,0x77FF,0x66FC,0x4D55,0x2AEB,0x1165,0x0061,0x0882,0x224A,0x32ED,0x332E,0x4412,0x3BD1,0x2ACD,
    0x2ACD,0x2A8B,0x2AAD,0x3312,0x3B34,0x3B34,0x3B14,0x32D3,0x32B3,0x32B2,0x32B2,0x32D3,0x32D3,0x3291,0x2A50,0x222F,
    0x1128,0x2124,0xB3EB,0xECEE,0xF44B,0xFC4B,0xFC6B,0xFCAC,0xFD2F,0xFDB0,0xF42A,0xFC0A,0x4902,0x18E3,0xC6FC,0x665C,
    0x00A3,0x7C51,0x4B72,0x11AC,0x53D3,0xAE18,0x0000,0x4964,0xDD93,0xFE36,0xFD50,0xF4AC,0xEC2A,0xE3A9,0xDAC4,0xD2A2,
    0xCAA3,0xBB07,0xAB6B,0x836D,0x6B4D,0x5A89,0x40E2,0x0800,0x0861,0x0841,0x0925,0x66DB,0x77FF,0x77DF,0x875E,0xA73C,
    0xE77B,0xFFDA,0xFFDA,0xF77A,0x86BC,0xEF19,0xF77A,0xF759,0xEF39,0xDED8,0xCE78,0xB617,0x0000,0x0000,0x0000,0x0000,
    0x0000,0x0000,0x0000,0x0000,0x0000,0x0000,0x0000,0x0000,0x0000,0x0000,0x0000,0x0000,0x0000,0x0000,0x0000,0x0000,
    0x0000,0x7FFF,0x1A8A,0x62C9,0xFFFD,0x3124,0x2B2D,0x7FFF,0x6F9F,0x77BF,0x6F9F,0x77BF,0x77DF,0x77FF,0x7FFF,0x77DF,
    0x66FC,0x4492,0x0000,0x0000,0x0041,0x0041,0x0882,0x1104,0x2209,0x224A,0x2ACD,0x32EE,0x3B70,0x43F2,0x3BB2,0x3B72,
    0x3352,0x3332,0x2AB1,0x2A91,0x2A91,0x2A71,0x32B2,0x0909,0x8D14,0x7451,0x8AC8,0xFE73,0xFDB1,0xFDB1,0xFDB1,0xFDD1,
    0xFDF2,0xF4AD,0xFC0A,0x5942,0x18E3,0xC6DB,0x6EBD,0x00A3,0x8491,0x8537,0x11CD,0x224E,0x222E,0xA619,0x10C2,0x31E7,
    0x1904,0x4269,0x4AEB,0x4AAB,0x2966,0x0000,0x0000,0x0000,0x0000,0x0000,0x0000,0x0000,0x0041,0x1208,0x234E,0x1145,
    0xB575,0xEF7D,0x3A48,0x5E9A,0x679F,0x5E9D,0x86DC,0x9EDB,0xC6FA,0xCED9,0xCEB9,0x969A,0x4E9E,0x7E5B,0xA659,0xA639,
    0x9E39,0x8E9B,0x7E5B,0x0000,0x0000,0x0000,0x0000,0x0000,0x0000,0x0000,0x0000,0x0000,0x0000,0x0000,0x0000,0x0000,
    0x0000,0x0000,0x0000,0x0000,0x0000,0x0000,0x0000,0x0000,0x0000,0x7FFF,0x232D,0x5A67,0xEF5A,0x0000,0x4D55,0x7FFF,
    0x6F9F,0x77BF,0x77BF,0x77BF,0x77BF,0x6F9F,0x6F9F,0x6F9F,0x7FFF,0x4472,0x0000,0x2B0C,0x779E,0x4492,0x0000,0x0000,
    0x0020,0x0904,0x0000,0x0000,0x0000,0x0000,0x0020,0x0020,0x0000,0x0000,0x0000,0x0000,0x0000,0x0021,0x0000,0x6BCE,
    0xBEFD,0x1107,0x49A4,0xFDF1,0xFDB1,0xFDD1,0xFDB1,0xFDD1,0xFD2F,0xFC4A,0x6983,0x18E3,0xC6DB,0x76DD,0x0105,0x8450,
    0x9E1A,0x19ED,0x224E,0x222E,0x2A90,0x530D,0x31C7,0xBF1D,0xBEBA,0x52EB,0x0000,0x0000,0x11A6,0x33CF,0x33AF,0x33AF,
    0x3C72,0x55B7,0x5E5A,0x6EFC,0x779F,0x77FF,0x87FF,0x22AB,0xACD2,0xEF5C,0x3185,0x5639,0x679F,0x3E9E,0x36BE,0x36BF,
    0x3E9E,0x4E9D,0x4E9D,0x3EBE,0x3EBE,0x3EBF,0x46BE,0x46BE,0x46BE,0x475F,0x36DF,0x0000,0x0000,0x0000,0x0000,0x0000,
    0x0000,0x0000,0x0000,0x0000,0x0000,0x0000,0x0000,0x0000,0x0000,0x0000,0x0000,0x0000,0x0000,0x0000,0x0000,0x0000,
    0x0000,0x7FFF,0x4535,0x3985,0xAD52,0x0020,0x66FC,0x77FF,0x77BF,0x77BF,0x77BF,0x77BF,0x779F,0x77DF,0x77FF,0x7FFF,
    0x77DF,0x08E3,0x0061,0x669B,0x7FFF,0x55B7,0x0000,0x0000,0x33AF,0x77FF,0x6F1D,0x66DC,0x5E5A,0x55D8,0x4D76,0x44F4,
    0x3BF0,0x33CF,0x33AF,0x3BCF,0x4D34,0x2BAF,0x4248,0xB6BC,0x2A6E,0x0000,0x0820,0xF570,0xFDD1,0xFD90,0xFDD1,0xFD90,
    0xFC8B,0x81E4,0x2104,0xD6FC,0x76FE,0x0187,0x8471,0xA63A,0x19ED,0x222E,0x224E,0x224F,0x19EC,0x0063,0x222D,0x2A6F,
    0x6C54,0xD77E,0xC6BA,0x4249,0x0082,0x33F0,0x77DF,0x87FF,0x77FF,0x67BF,0x677F,0x5F5F,0x571E,0x4EDE,0x6F9E,0x5E9A,
    0x19E8,0x1145,0x3C92,0x7FFF,0x56FE,0x3E9E,0x46BE,0x46BE,0x46BE,0x3EBE,0x3EBE,0x46BE,0x46BE,0x46BE,0x46BE,0x3EBE,
    0x3EBE,0x473F,0x46BE,0x0000,0x0000,0x0000,0x0000,0x0000,0x0000,0x0000,0x0000,0x0000,0x0000,0x0000,0x0000,0x0000,
    0x0000,0x0000,0x0000,0x0000,0x0000,0x0000,0x0000,0x0000,0x0000,0x7FFF,0x6F5E,0x0841,0x18A1,0x1A49,0x77FF,0x77BF,
    0x77BF,0x77BF,0x77BF,0x77DF,0x7FFF,0x6F5E,0x5E7A,0x55B7,0x336E,0x0000,0x3C10,0x87FF,0x87FF,0x55F8,0x0000,0x08A2,
    0x66DC,0x77DF,0x77DF,0x77FF,0x77FF,0x77FF,0x77FF,0x7FFF,0x7FFF,0x7FFF,0x87FF,0x77FF,0x44F4,0x2A49,0xB659,0x4352,
    0x0928,0x18C2,0x10C3,0x82E8,0xFE73,0xFE52,0xFDF1,0xF44B,0x9224,0x20E3,0xCEFB,0x7EFD,0x01A8,0x8491,0x9E1A,0x19ED,
    0x222E,0x224E,0x224E,0x222E,0x0063,0x19AA,0x226F,0x222E,0x09AC,0x19ED,0x6C54,0x534E,0x1082,0x0800,0x0904,0x5E19,
    0x77DF,0x5F5F,0x679F,0x6FDF,0x6FFF,0x77DF,0x77FF,0x6F3D,0x4D96,0x3C93,0x5E39,0x6F3D,0x77FF,0x5F5F,0x46BE,0x46BE,
    0x46BE,0x46BE,0x46BE,0x46BE,0x46BE,0x46BE,0x46BE,0x46BE,0x46BE,0x473F,0x3EBE,0x0000,0x0000,0x0000,0x0000,0x0000,
    0x0000,0x0000,0x0000,0x0000,0x0000,0x0000,0x0000,0x0000,0x0000,0x0000,0x0000,0x0000,0x0000,0x0000,0x0000,0x0000,
    0x0000,0x0000,0x7FFF,0x338E,0x0062,0x5E39,0x77FF,0x77BF,0x77BF,0x77BF,0x77DF,0x671C,0x338E,0x0904,0x0020,0x0000,
    0x0000,0x0000,0x1186,0x2B4D,0x230C,0x11C7,0x0000,0x1A49,0x77FF,0x7FFF,0x77DF,0x6F9F,0x77BF,0x77BF,0x779F,0x6F9F,
    0x6F7E,0x77FF,0x4D96,0x0904,0x0000,0x84B2,0x7CD6,0x11ED,0x0084,0x31A6,0xC679,0x1082,0x4143,0x6225,0x5142,0x2081,
    0x0000,0xBE59,0x7EDD,0x1209,0x94F3,0x95B9,0x19ED,0x222E,0x224E,0x222E,0x226F,0x08C5,0x1107,0x226F,0x222E,0x1A0E,
    0x4B72,0x8516,0x9597,0x9DD8,0xA619,0x8D77,0x2126,0x0082,0x55F8,0x6EFC,0x5E39,0x4D35,0x3BF0,0x5E39,0x2B4D,0x0000,
    0x0000,0x0020,0x0000,0x0000,0x33AF,0x77BF,0x677F,0x3EBE,0x46BE,0x46BE,0x46BE,0x46BE,0x46BE,0x46BE,0x46BE,0x46BE,
    0x46BE,0x473F,0x3EBE,0x0000,0x0000,0x0000,0x0000,0x0000,0x0000,0x0000,0x0000,0x0000,0x0000,0x0000,0x0000,0x0000,
    0x0000,0x0000,0x0000,0x0000,0x0000,0x0000,0x0000,0x0000,0x0000,0x0000,0x7FFF,0x77BF,0x671D,0x77DF,0x77BF,0x77BF,
    0x77BF,0x77BF,0x77DF,0x2269,0x0000,0x0000,0x0000,0x0000,0x0020,0x0000,0x18A2,0x52AA,0x5AEB,0x5AEB,0x5B4C,0x29C7,
    0x1A29,0x3431,0x6F3D,0x7FFF,0x77BF,0x77BF,0x77BF,0x6F9F,0x7FFF,0x44D3,0x0820,0x6BAE,0x530C,0xAE7A,0x222E,0x222E,
    0x0062,0x0061,0x9CF3,0xE75D,0x6BAE,0x5B2C,0x84B2,0x4249,0x6BCF,0x75B8,0x1A4A,0xADD6,0x8537,0x19CD,0x224E,0x224E,
    0x222E,0x226F,0x1127,0x08C5,0x2A90,0x226F,0x2A6F,0x6434,0x8516,0x6412,0x2A6D,0x1989,0x08E6,0x08C5,0x1989,0x0884,
    0x0000,0x0000,0x0000,0x0000,0x0000,0x0020,0x0000,0x6B2B,0xBDF4,0xD676,0xBDB4,0x6B4B,0x1061,0x22CB,0x77DF,0x571E,
    0x3EBE,0x46BE,0x46BE,0x46BE,0x46BE,0x46BE,0x46BE,0x46BE,0x46BE,0x475F,0x46BE,0x0000,0x0000,0x0000,0x0000,0x0000,
    0x0000,0x0000,0x0000,0x0000,0x0000,0x0000,0x0000,0x0000,0x0000,0x0000,0x0000,0x0000,0x0000,0x0000,0x0000,0x0000,
    0x0000,0x0000,0x77FF,0x77BF,0x77DF,0x77BF,0x77BF,0x77BF,0x77BF,0x77BF,0x77FF,0x2269,0x0000,0x0020,0x0000,0x0020,
    0x0000,0x632C,0xFFDE,0xFDD5,0xFCF0,0xFCEF,0xF4CF,0xED11,0xBCB1,0x5A69,0x1166,0x44D3,0x77FF,0x77BF,0x6F9F,0x77FF,
    0x55F8,0x0000,0xA5D7,0x63D0,0x9D96,0x7CF7,0x19EE,0x220D,0x0041,0x44D5,0x1A09,0x6B6D,0xC638,0xCE79,0xA534,0x2103,
    0x29E8,0x3249,0xB638,0x6C75,0x19ED,0x224F,0x226F,0x226F,0x226F,0x19AB,0x0042,0x19CB,0x19AB,0x08E7,0x1926,0x1905,
    0x0000,0x0000,0x0000,0x0000,0x0020,0x0860,0x0000,0x0883,0x0020,0x7BCD,0xBDF5,0x946F,0x0000,0x18E3,0xC635,0xFFFD,
    0xFFFD,0xFFFD,0xFFFE,0xFFFE,0x52A9,0x0000,0x5E39,0x6FDF,0x3E9E,0x46BE,0x46BE,0x46BE,0x46BE,0x46BE,0x46BE,0x46BE,
    0x46BE,0x473F,0x0000,0x0000,0x0000,0x0000,0x0000,0x0000,0x0000,0x0000,0x0000,0x0000,0x0000,0x0000,0x0000,0x0000,
    0x0000,0x0000,0x0000,0x0000,0x0000,0x0000,0x0000,0x0000,0x0000,0x0000,0x77DF,0x77BF,0x77BF,0x77BF,0x77BF,0x77BF,
    0x77BF,0x77BF,0x77DF,0x66FC,0x1A29,0x0000,0x0000,0x0020,0x0000,0x4269,0xDC0D,0xE920,0xE120,0xD920,0xD900,0xE160,
    0xF202,0xFB06,0xC265,0x0800,0x3C92,0x7FFF,0x77BF,0x6F7E,0x08E3,0x8492,0x8516,0x2166,0xB659,0x2187,0x1128,0x220D,
    0x0021,0x55D9,0x5EBD,0x2BF2,0x22CC,0x2B2E,0x0041,0x0000,0x5B6D,0x9555,0x2165,0x0002,0x19AB,0x224E,0x19EC,0x1169,
    0x19ED,0x0042,0x0000,0x0000,0x0000,0x0000,0x0000,0x2923,0x630A,0x630A,0x0000,0x9490,0xE739,0xE739,0x3185,0x0000,
    0x1081,0xFFBA,0xFFFE,0xB593,0x0020,0xC615,0xFFFD,0xFFFB,0xD676,0xA511,0xC615,0x630A,0x0000,0x08C3,0x669A,0x6FDF,
    0x46BE,0x3EBE,0x46BE,0x46BE,0x46BE,0x46BE,0x46BE,0x46BE,0x46BE,0x46FF,0x0000,0x0000,0x0000,0x0000,0x0000,0x0000,
    0x0000,0x0000,0x0000,0x0000,0x0000,0x0000,0x0000,0x0000,0x0000,0x0000,0x0000,0x0000,0x0000,0x0000,0x0000,0x0000,
    0x0000,0x0000,0x77BF,0x77BF,0x77BF,0x77BF,0x77BF,0x77BF,0x77BF,0x77BF,0x77BF,0x77DF,0x77FF,0x4D14,0x0000,0x0000,
    0x0000,0x0000,0x1000,0x80C0,0xD1A0,0xE9C0,0xE9C0,0xE9C0,0xC940,0xA080,0x5820,0x08A3,0x4D96,0x77DF,0x77FF,0x33F0,
    0x39E7,0xA65B,0x00C7,0x1904,0x10E4,0x08A5,0x0062,0x1149,0x0062,0x4D98,0x5EBD,0x66FE,0x6F7F,0x4D57,0x0861,0x7C71,
    0x7C92,0x0000,0x0000,0x0000,0x0000,0x0000,0x0000,0x0000,0x0042,0x0000,0x0000,0x7BCD,0xBDF5,0xD6B7,0x4207,0xDEB7,
    0xFFFE,0xE718,0x0020,0xC615,0xFFFD,0xFFFC,0xE6F8,0x18E3,0x0020,0xEF39,0xFFFD,0x9CF1,0x5AEA,0xFFFD,0xFFFC,0xA511,
    0x0841,0x18C3,0x5AEA,0x738C,0xCE56,0x4206,0x2B6E,0x77FF,0x46BE,0x3EBE,0x46BE,0x46BE,0x46BE,0x46BE,0x46BE,0x46BE,
    0x46BE,0x46DF,0x0000,0x0000,0x0000,0x0000,0x0000,0x0000,0x0000,0x0000,0x0000,0x0000,0x0000,0x0000,0x0000,0x0000,
    0x0000,0x0000,0x0000,0x0000,0x0000,0x0000,0x0000,0x0000,0x0000,0x0000,0x77BF,0x77DF,0x77BF,0x77BF,0x77BF,0x77BF,
    0x77BF,0x77BF,0x77BF,0x77BF,0x77BF,0x77FF,0x4D76,0x2ACB,0x2269,0x3C10,0x4D96,0x00E4,0x1000,0x4860,0x5080,0x3820,
    0x1061,0x1A49,0x23D0,0x66DB,0x77FF,0x677F,0x6F7E,0x08E3,0x9555,0x4352,0x116A,0x1169,0x1A0D,0x2A90,0x19AB,0x0884,
    0x0062,0x55FA,0x66FE,0x561A,0x4D78,0x0925,0x0840,0x31E7,0x0000,0x0000,0x0000,0x0000,0x39E6,0x738C,0xA532,0x5AC9,
    0x0000,0x0000,0x5288,0xFFFD,0xFFFE,0xA511,0x0020,0xE718,0xFFFC,0xD697,0x0020,0xBDB4,0xFFFC,0xF79A,0xFFFC,0xBDD4,
    0x0861,0xE719,0xFFFD,0xB573,0xBDB3,0xFFFD,0xF77A,0x18C2,0x2103,0xEF59,0xFFDB,0xFFDB,0xFFFC,0x5227,0x22EC,0x77FF,
    0x46BE,0x3EBE,0x46BE,0x46BE,0x46BE,0x46BE,0x46BE,0x46BE,0x46BE,0x46BE,0x0000,0x0000,0x0000,0x0000,0x0000,0x0000,
    0x0000,0x0000,0x0000,0x0000,0x0000,0x0000,0x0000,0x0000,0x0000,0x0000,0x0000,0x0000,0x0000,0x0000,0x0000,0x0000,
    0x0000,0x0000,0x77BF,0x77FF,0x77BF,0x77BF,0x77BF,0x77BF,0x77BF,0x77BF,0x77BF,0x77BF,0x77BF,0x77BF,0x7FFF,0x7FFF,
    0x77FF,0x77FF,0x7FFF,0x5E19,0x0945,0x0021,0x0000,0x0986,0x66DB,0x77FF,0x7FFF,0x677F,0x469E,0x6FDF,0x4514,0x3186,
    0x95B8,0x19ED,0x226F,0x226F,0x224E,0x222E,0x220D,0x0883,0x0000,0x1A2A,0x09A7,0x0000,0x0000,0x0000,0x0020,0x2924,
    0x6B6C,0x3185,0x0000,0x0000,0x5288,0xFFFD,0xFFFD,0xEF39,0x2103,0x0000,0xC615,0xFFFC,0xEF59,0x18E3,0x0000,0xE718,
    0xFFFC,0xDEB7,0x0020,0xBDB4,0xFFFC,0xFFBB,0xFFBB,0xFFFC,0xA532,0xE718,0xFFFD,0xBDD4,0xD676,0xFFDB,0xE6F8,0x0000,
    0x1081,0xF77A,0xEF38,0xDEB6,0xF779,0x4A07,0x230C,0x77FF,0x46BE,0x3EBE,0x3EBE,0x3EBE,0x3EBE,0x3EBE,0x3EBE,0x46BE,
    0x46DF,0x46BE,0x0000,0x0000,0x0000,0x0000,0x0000,0x0000,0x0000,0x0000,0x0000,0x0000,0x0000,0x0000,0x0000,0x0000,
    0x0000,0x0000,0x0000,0x0000,0x0000,0x0000,0x0000,0x0000,0x0000,0x0000,0x6FBF,0x7FFF,0x77BF,0x77BF,0x77BF,0x77BF,
    0x77BF,0x77BF,0x77DF,0x77BF,0x77BF,0x6F9F,0x675F,0x571E,0x4EFE,0x46BE,0x4EDE,0x77FF,0x779F,0x66BB,0x669A,0x779E,
    0x6FBF,0x4EFE,0x469E,0x46BE,0x573F,0x7FFF,0x1A8A,0x634C,0x7CF7,0x11CD,0x224E,0x222E,0x224E,0x0906,0x0000,0x0000,
    0x0000,0x0000,0x39A5,0x630A,0x94B1,0x52A9,0x5AC9,0xFFFD,0xFFFE,0x736C,0x0000,0x0020,0x0000,0x8C4F,0xFFFC,0xFFFC,
    0xA511,0x4A48,0xFFFB,0xFFFD,0x840E,0x0000,0x0861,0xE718,0xFFFC,0xDEB7,0x0020,0xBDB4,0xFFFD,0xFFBB,0xFFFB,0xFFBB,
    0xFFFB,0xF79A,0xF79A,0xB593,0xC5F4,0xEEF7,0xEF59,0x840E,0x0840,0x630A,0xB593,0xEF18,0xF779,0x5247,0x22EC,0x77FF,
    0x3E9D,0x3E9E,0x46BE,0x46DE,0x4EDE,0x4EDE,0x46BE,0x3E9E,0x3EFF,0x3EBE,0x0000,0x0000,0x0000,0x0000,0x0000,0x0000,
    0x0000,0x0000,0x0000,0x0000,0x0000,0x0000,0x0000,0x0000,0x0000,0x0000,0x0000,0x0000,0x0000,0x0000,0x0000,0x0000,
    0x0000,0x0000,0x0000,0x7FFF,0x77BF,0x77DF,0x77DF,0x77BF,0x6FBF,0x677F,0x5F3F,0x571F,0x4EDE,0x46BE,0x3EBE,0x3EBE,
    0x3EBE,0x3EBE,0x3EBE,0x3E9E,0x571F,0x5F5F,0x677F,0x677F,0x5F5F,0x5F5F,0x6FBF,0x77FF,0x775E,0x5E59,0x00E3,0x6BAE,
    0x5BF3,0x1A0E,0x226F,0x222E,0x224F,0x0063,0x2103,0x94B0,0xCE56,0xE739,0xFFDB,0xFFFC,0xFFFF,0x7BED,0x5AEA,0xFFFD,
    0xFFFC,0x6B4B,0x0000,0x0020,0x0000,0x0841,0xCE76,0xFFFC,0xF79A,0xE718,0xFFFC,0xDED8,0x1082,0x0000,0x0841,0xDEF8,
    0xFFFD,0xDED8,0x0020,0xB593,0xFFDB,0xEF18,0xBDB4,0xF779,0xDEB6,0xE6D7,0xEF38,0xA511,0x7BCD,0xFF9A,0xD676,0xEF59,
    0xCE35,0xBDD4,0xE6D7,0xE6F7,0xF79A,0x3144,0x2B6E,0x87FF,0x6FFF,0x77FF,0x77FF,0x77FF,0x77FF,0x77FF,0x77FF,0x77FF,
    0x67BF,0x4EDE,0x0000,0x0000,0x0000,0x0000,0x0000,0x0000,0x0000,0x0000,0x0000,0x0000,0x0000,0x0000,0x0000,0x0000,
    0x0000,0x0000,0x0000,0x0000,0x0000,0x0000,0x0000,0x0000,0x0000,0x0000,0x0000,0x77DF,0x6F9F,0x675F,0x573F,0x4EFE,
    0x46DE,0x46BE,0x3EBE,0x3EBE,0x3EBE,0x46BE,0x46BE,0x46BE,0x3EBE,0x3EBE,0x4EDE,0x571F,0x5F5F,0x6FDF,0x77FF,0x77DF,
    0x66FC,0x77BF,0x6F5D,0x336E,0x0021,0x0000,0x0000,0x0000,0x0000,0x08C5,0x19EC,0x226F,0x2A6F,0x0043,0x5AA8,0xFFFE,
    0xFFFC,0xFFFC,0xFFFD,0xFFFC,0xFFFD,0x6B4B,0x5AA9,0xFFFC,0xFFFC,0x736C,0x0000,0x0020,0x0000,0x0000,0x3185,0xF79A,
    0xFFFB,0xFFDB,0xFFFC,0x5AEA,0x0000,0x0000,0x0840,0xDEB7,0xFF9A,0xDED7,0x0840,0xB573,0xEF18,0xEF39,0x4227,0x948F,
    0xFF99,0xD675,0xEF38,0xAD52,0x10A2,0xCE56,0xFF9A,0xE6F7,0xF738,0xF759,0xF779,0xEF39,0x630A,0x0000,0x4492,0x5E18,
    0x3C51,0x338E,0x2B2D,0x1A8A,0x1A29,0x1A4A,0x2B0C,0x44B3,0x6F7D,0x7FFF,0x0000,0x0000,0x0000,0x0000,0x0000,0x0000,
    0x0000,0x0000,0x0000,0x0000,0x0000,0x0000,0x0000,0x0000,0x0000,0x0000,0x0000,0x0000,0x0000,0x0000,0x0000,0x0000,
    0x0000,0x0000,0x0000,0x4EDE,0x46DF,0x3EBE,0x3EBE,0x3EBE,0x3EBE,0x3EBE,0x3EBE,0x3EBE,0x3E9E,0x3E9E,0x3E9E,0x46BE,
    0x4EFE,0x571F,0x6F9F,0x6F7E,0x66DB,0x4D35,0x2B4D,0x11C7,0x0061,0x3C52,0x0925,0x0000,0x5AEA,0xAD52,0xC615,0x9CD1,
    0x5AC9,0x1061,0x0021,0x1148,0x224E,0x0043,0x5268,0xFFDB,0xFFDB,0xE718,0x840E,0x52A9,0x39C6,0x0020,0x632B,0xFFFC,
    0xFFFC,0x738C,0x0000,0x0020,0x0000,0x0020,0x0000,0x73AC,0xFFFC,0xFFFB,0xCE56,0x0000,0x0000,0x0000,0x0841,0xD676,
    0xEF17,0xDEB7,0x0841,0xB572,0xEF18,0xF759,0x5268,0x0840,0xCE56,0xEF38,0xF738,0xBDD4,0x0000,0x18E3,0x840E,0xC615,
    0xCE35,0xC5F4,0x8C4F,0x2103,0x0000,0x0000,0x0000,0x0000,0x0000,0x0000,0x0800,0x3164,0x41C5,0x39A5,0x1040,0x0000,
    0x0062,0x44B3,0x7FFF,0x6F9F,0x0000,0x0000,0x0000,0x0000,0x0000,0x0000,0x0000,0x0000,0x0000,0x0000,0x0000,0x0000,
    0x0000,0x0000,0x0000,0x0000,0x0000,0x0000,0x0000,0x0000,0x0000,0x0000,0x0000,0x3EBE,0x471F,0x3EBE,0x46BE,0x46BE,
    0x3EBE,0x46BE,0x46DE,0x571F,0x5F7F,0x6FDF,0x77FF,0x77FF,0x77FF,0x77FF,0x7FFF,0x22AB,0x0000,0x0000,0x0800,0x2924,
    0x0000,0x0000,0x20E3,0xCE56,0xFFFD,0xFFFD,0xFFFD,0xFFFD,0xFFFE,0x9CD1,0x0000,0x0000,0x0041,0x0000,0x4A68,0xFFFB,
    0xFFFC,0xB573,0x3185,0x5AEA,0xA4F1,0x2124,0x5AEA,0xFFFC,0xFFFD,0x73AC,0x0000,0x0000,0x0000,0x0000,0x0000,0x0840,
    0xDEB7,0xF779,0xB593,0x0000,0x0000,0x0000,0x0840,0xCE56,0xEEF7,0xD696,0x0841,0xB573,0xF758,0xFFBA,0x632B,0x0000,
    0x2964,0xDED7,0xE718,0x8C2E,0x0000,0x0000,0x0000,0x0000,0x0841,0x0841,0x0000,0x18C2,0x6B6B,0x7BAC,0xA511,0xC635,
    0xDEB7,0xE738,0xF799,0xFFFB,0xFFFB,0xFFFB,0xF79A,0xC615,0x4A47,0x0000,0x33CF,0x7FFF,0x0000,0x0000,0x0000,0x0000,
    0x0000,0x0000,0x0000,0x0000,0x0000,0x0000,0x0000,0x0000,0x0000,0x0000,0x0000,0x0000,0x0000,0x0000,0x0000,0x0000,
    0x0000,0x0000,0x0000,0x3EBE,0x473F,0x46BE,0x3EBE,0x46BE,0x5F3F,0x77DF,0x77FF,0x779F,0x6EFC,0x55D7,0x33CF,0x22CB,
    0x11C7,0x09A7,0x2B0C,0x08E3,0x3985,0xCE56,0xF79A,0xC615,0x0000,0x18C2,0xDED8,0xFFFC,0xFFFB,0xF79A,0xDED7,0xFFDB,
    0xBDF4,0x0840,0x0000,0x0000,0x0000,0x0000,0x4A48,0xFFFB,0xFFDB,0xF79A,0xFFDB,0xFFFD,0xFFFE,0x31A5,0x5AC9,0xFFFC,
    0xFFFC,0x6B4B,0x0000,0x0841,0x2103,0x18E3,0x0000,0x0841,0xCE56,0xEF38,0xC5F4,0x0000,0x0000,0x0000,0x0840,0xD696,
    0xFFBA,0xEF38,0x0841,0xAD52,0xE718,0xBDB4,0x3165,0x0000,0x0000,0x0020,0x0861,0x0020,0x10A2,0x5288,0x736B,0x946F,
    0xCE76,0xB593,0x0000,0x5AEA,0xFFFD,0xFFFC,0xFFFC,0xFFFC,0xFFFB,0xFFFB,0xFFFB,0xFFDA,0xFFDA,0xFFDA,0xFFFB,0xFFFC,
    0xFFFC,0x73AC,0x0000,0x55B7,0x77FF,0x0000,0x0000,0x0000,0x0000,0x0000,0x0000,0x0000,0x0000,0x0000,0x0000,0x0000,
    0x0000,0x0000,0x0000,0x0000,0x0000,0x0000,0x0000,0x0000,0x0000,0x0000,0x0000,0x0000,0x46BE,0x46BE,0x3EBE,0x46BE,
    0x77DF,0x55B7,0x2AEC,0x00C3,0x0000,0x0000,0x0000,0x1881,0x4A27,0x5268,0x1061,0x0000,0x62EA,0xFFFD,0xFFFC,0xC615,
    0x0000,0xA4F1,0xFFFD,0xFFDB,0xC635,0x2944,0x0020,0x4207,0x39C6,0x632B,0x4206,0x0000,0x0020,0x0000,0x4227,0xFFFB,
    0xFFDB,0xFFFB,0xFFFD,0xFFFC,0xFFFC,0x3165,0x52A9,0xFF9A,0xEF18,0xB593,0x9CD0,0xCE56,0xF77A,0x632B,0x0000,0x0861,
    0xD676,0xFF99,0xD696,0x0840,0x0000,0x0000,0x0020,0xAD52,0x9CF1,0x630A,0x0020,0x18C2,0x0841,0x0000,0x0020,0x3185,
    0x630A,0x738C,0xAD72,0xDEB6,0xEF79,0xFFFB,0xFFFC,0xFFFC,0xFFFD,0xD696,0x0000,0x5AA9,0xFFFB,0xF7BA,0xFFBA,0xFFDA,
    0xFFDA,0xFFBA,0xFFBA,0xFFBA,0xFFBA,0xFFDA,0xFFDA,0xFFBA,0xFFDB,0xFFDB,0x2923,0x0966,0x7FFF,0x0000,0x0000,0x0000,
    0x0000,0x0000,0x0000,0x0000,0x0000,0x0000,0x0000,0x0000,0x0000,0x0000,0x0000,0x0000,0x0000,0x0000,0x0000,0x0000,
    0x0000,0x0000,0x0000,0x0000,0x46BE,0x46FF,0x3EBE,0x3E9E,0x77FF,0x338E,0x0000,0x5268,0x83EE,0xBDD4,0xDED8,0xF79A,
    0xFFFC,0xFFFD,0xE739,0x18E3,0x5268,0xFFFC,0xFFFC,0xBDD4,0x2103,0xF77A,0xFFFC,0xEF59,0x18C2,0x18C2,0xAD52,0xCE35,
    0xEF39,0xFFFF,0x842E,0x0000,0x0820,0x0000,0x4227,0xFFBB,0xF77A,0xEF59,0xAD52,0x6B6C,0x4227,0x0000,0x5AEA,0xF759,
    0xDE96,0xEF38,0xEF38,0xE6B6,0xFFBA,0x6B4B,0x0000,0x0861,0xC615,0xD697,0x946F,0x0000,0x0000,0x0000,0x0000,0x0020,
    0x0000,0x0000,0x0000,0x0000,0x4A48,0xCE56,0xE718,0xFFDA,0xFFFC,0xFFFD,0xFFFC,0xFFFB,0xFFFB,0xFFDA,0xFFBA,0xF7BA,
    0xFFFB,0xCE75,0x0000,0x5AA9,0xFFFC,0xFFDA,0xFFDA,0xFFDA,0xFFDA,0xFFFB,0xFFFC,0xFFFC,0xFFFC,0xFFFB,0xFFDA,0xFFDA,
    0xFFBA,0xFFFC,0x946F,0x0000,0x6F3D,0x77FF,0x0000,0x0000,0x0000,0x0000,0x0000,0x0000,0x0000,0x0000,0x0000,0x0000,
    0x0000,0x0000,0x0000,0x0000,0x0000,0x0000,0x0000,0x0000,0x0000,0x0000,0x0000,0x0000,0x46BE,0x473F,0x3EBE,0x3E9E,
    0x77FF,0x3BF0,0x0020,0xE739,0xFFFE,0xFFFC,0xFFFE,0xFFFC,0xFFFB,0xFFBA,0xFFFE,0x630A,0x4207,0xFFFC,0xFFFC,0xB593,
    0x5AC9,0xFFFC,0xFFFC,0xC5F4,0x0000,0x4A68,0xFFFE,0xFFFD,0xFFDB,0xFFFD,0x7BAD,0x0000,0x0020,0x0000,0x4227,0xEF38,
    0xEF18,0xB593,0x0000,0x0000,0x0000,0x0000,0x5ACA,0xFF9A,0xE6F7,0xF758,0xF759,0xEF38,0xE718,0x52A9,0x0000,0x0000,
    0x0000,0x0841,0x0020,0x2103,0x18C2,0x0841,0x0000,0x0000,0x0000,0x0020,0x0020,0x0000,0x7BCD,0xFFFE,0xFFDB,0xFFDB,
    0xFFBA,0xFFBA,0xFFBA,0xFFBA,0xFFBA,0xFFBA,0xFFBA,0xFFBA,0xFFFB,0xDED7,0x0000,0x5AA9,0xFFFC,0xFFDA,0xFFDA,0xFFDA,
    0xFFDA,0xCE55,0x946F,0x738C,0x840D,0xEF38,0xFFFB,0xFFDA,0xFFDA,0xFFFB,0xD696,0x0000,0x4D35,0x7FFF,0x0000,0x0000,
    0x0000,0x0000,0x0000,0x0000,0x0000,0x0000,0x0000,0x0000,0x0000,0x0000,0x0000,0x0000,0x0000,0x0000,0x0000,0x0000,
    0x0000,0x0000,0x0000,0x0000,0x0000,0x46DE,0x46BE,0x3E9E,0x77FF,0x3BCF,0x0000,0xDEB7,0xFFDC,0xEF59,0x6B4B,0x41E7,
    0x9CD1,0xFFFC,0xFFFD,0x5268,0x4227,0xFFFC,0xFFFC,0xB593,0x5AEA,0xFFFC,0xFFFC,0xDEB7,0x0000,0x2103,0xCE56,0xCE35,
    0xEF39,0xFF9A,0x73AC,0x0000,0x0020,0x0000,0x4227,0xEF18,0xE6F7,0xB573,0x0000,0x0020,0x0020,0x0000,0x5AEA,0xF779,
    0xCE35,0x948F,0x6B4B,0x4207,0x0861,0x0000,0x0000,0x2123,0x83ED,0xCE55,0xEF58,0xF79A,0xF799,0xE718,0xC635,0x7BED,
    0x2944,0x0000,0x0000,0x0000,0x738C,0xFFFC,0xFFBA,0xFFDA,0xFFDA,0xFFDA,0xFFDA,0xFFFB,0xFFFB,0xFFFC,0xFFFC,0xFFFC,
    0xFFFB,0xCE35,0x0000,0x5AA9,0xFFFB,0xFFDA,0xFFDA,0xFFDA,0xFFDA,0x39C6,0x0000,0x0000,0x0000,0x6B6B,0xFFFC,0xFFBA,
    0xFFDA,0xFFFB,0xE738,0x0000,0x33AF,0x7FFF,0x0000,0x0000,0x0000,0x0000,0x0000,0x0000,0x0000,0x0000,0x0000,0x0000,
    0x0000,0x0000,0x0000,0x0000,0x0000,0x0000,0x0000,0x0000,0x0000,0x0000,0x0000,0x0000,0x0000,0x3EBE,0x471F,0x3E9D,
    0x77FF,0x3BCF,0x0000,0xDED8,0xFFFC,0xE718,0x4207,0x5AEA,0xC615,0xFFFD,0xC5F4,0x0000,0x5289,0xFFFC,0xFFFC,0xBDB3,
    0x39A6,0xFFBA,0xEF59,0xF79A,0x9CD0,0x39C6,0x5288,0xAD52,0xE6F7,0xF759,0x7BED,0x0000,0x0020,0x0000,0x4A27,0xFFDA,
    0xFFDA,0xBDD4,0x0000,0x0000,0x0000,0x0000,0x0000,0x0000,0x0000,0x0000,0x0000,0x0000,0x0000,0x0000,0x73AC,0xEF79,
    0xFFFC,0xFFFB,0xFFFB,0xFFFB,0xFFFB,0xFFFB,0xFFFB,0xFFFC,0xF7BA,0xA511,0x2103,0x0000,0x73AC,0xFFFC,0xFFBA,0xFFDA,
    0xFFDA,0xFFDA,0xFFDB,0xEF58,0xDEB6,0xB5B3,0x7BCD,0x630A,0x39C6,0x0841,0x0000,0x5AC9,0xFFFB,0xFFDA,0xFFDA,0xFFDB,
    0xFFDA,0x2924,0x0000,0x0000,0x0020,0x9CF0,0xFFFC,0xFFBA,0xFFDA,0xFFFB,0xE738,0x0000,0x33AF,0x7FFF,0x0000,0x0000,
    0x0000,0x0000,0x0000,0x0000,0x0000,0x0000,0x0000,0x0000,0x0000,0x0000,0x0000,0x0000,0x0000,0x0000,0x0000,0x0000,
    0x0000,0x0000,0x0000,0x0000,0x0000,0x0000,0x46FF,0x3E9D,0x77FF,0x3BCF,0x0000,0xDED8,0xFFFC,0xFFBB,0xFFFC,0xFFFE,
    0xFFFC,0xFFFB,0xD697,0x2944,0x4A68,0xFFDB,0xF77A,0xC5F4,0x0000,0xC615,0xF738,0xD655,0xEF38,0xEF38,0xEF38,0xEF18,
    0xE6D7,0xFF9A,0x4A48,0x0000,0x0020,0x0000,0x31A5,0xA511,0x738C,0x39E6,0x0000,0x0000,0x0020,0x18E3,0x52A9,0x738C,
    0x2103,0x0000,0x0020,0x0000,0x0861,0xA531,0xFFFC,0xFFFB,0xFFBA,0xFFDA,0xFFDA,0xFFBA,0xFFBA,0xFFDA,0xFFDA,0xF79A,
    0xFFFC,0xC635,0x18A2,0x0000,0x738C,0xFFFC,0xFFBA,0xFFDA,0xFFDA,0xFFDA,0x5AE9,0x0020,0x0000,0x0000,0x0000,0x0000,
    0x0000,0x0861,0x0000,0x5AC9,0xFFFB,0xFFDA,0xFFDA,0xFFDB,0xFFBA,0x73AC,0x6B6B,0x946F,0xCE55,0xFFFB,0xFFDA,0xFFBA,
    0xFFBA,0xFFFB,0xCE76,0x0000,0x4D35,0x7FFF,0x0000,0x0000,0x0000,0x0000,0x0000,0x0000,0x0000,0x0000,0x0000,0x0000,
    0x0000,0x0000,0x0000,0x0000,0x0000,0x0000,0x0000,0x0000,0x0000,0x0000,0x0000,0x0000,0x0000,0x0000,0x3EBE,0x46DF,
    0x77FF,0x3BCF,0x0000,0xDED8,0xFFFC,0xFFDB,0xFFFB,0xE6F8,0xE6F8,0xF759,0xFFDA,0xAD52,0x5289,0xF759,0xE6F7,0xC5F4,
    0x0000,0x3185,0xE6F8,0xFF9A,0xEF18,0xEF18,0xEF38,0xFF99,0xE718,0x52A9,0x0000,0x0000,0x0000,0x0000,0x0000,0x0000,
    0x0000,0x0000,0x0020,0x9CD0,0xDED7,0xF779,0xFFFB,0xFFFD,0x4A68,0x0000,0x0000,0x0040,0xB5B3,0xFFFC,0xFFBA,0xFFDA,
    0xFFDA,0xFFBA,0xFFFB,0xFFFB,0xFFFB,0xFFFB,0xFFBA,0xFFFC,0xBDF4,0x0861,0x0000,0x0000,0x738C,0xFFFC,0xFFBA,0xFFDA,
    0xFFFB,0xF7BA,0x2103,0x10A2,0x5288,0x6B6B,0x9CD0,0xCE55,0xF77A,0x73AC,0x0000,0x5AE9,0xFFFB,0xFFBA,0xFFDA,0xFFDA,
    0xFFBA,0xFFFB,0xFFFC,0xFFFD,0xFFFC,0xFFFC,0xFFFC,0xFFFC,0xFFFC,0xFFFD,0x7BAC,0x0000,0x6F5E,0x77FF,0x0000,0x0000,
    0x0000,0x0000,0x0000,0x0000,0x0000,0x0000,0x0000,0x0000,0x0000,0x0000,0x0000,0x0000,0x0000,0x0000,0x0000,0x0000,
    0x0000,0x0000,0x0000,0x0000,0x0000,0x0000,0x0000,0x46FF,0x77FF,0x3BCF,0x0000,0xDEB7,0xF79A,0xEF39,0x31A6,0x0020,
    0x630A,0xF759,0xE6D7,0xC5F4,0x5AEA,0xEF38,0xE6D7,0xBDD4,0x0000,0x0000,0x20E3,0x738C,0xB573,0xC5F4,0xAD32,0x632B,
    0x0841,0x0000,0x0840,0x3185,0x3185,0x0000,0x0000,0x0000,0x0020,0x0000,0x0841,0xE738,0xFFFC,0xFFDA,0xFFBA,0xFFDB,
    0x4A68,0x0000,0x0000,0x94AF,0xFFFC,0xFFBA,0xFFDA,0xFFDA,0xFFFB,0xFFFC,0xE738,0xCE35,0xC635,0xEF38,0xFFFD,0xCE55,
    0x18C2,0x0000,0x0020,0x0000,0x738C,0xFFFC,0xFFBA,0xFFDA,0xFFDB,0xFFDA,0xDED7,0xF779,0xFFFB,0xFFFC,0xFFFC,0xFFFB,
    0xFFFD,0x7BCC,0x0000,0x5AE9,0xFFFC,0xFFFB,0xFFFC,0xFFFC,0xFFFC,0xFFFC,0xFFBA,0xFF59,0xFEF6,0xF674,0xF5B1,0xF50E,
    0xFD0D,0xD44B,0x0820,0x228A,0x7FFF,0x0000,0x0000,0x0000,0x0000,0x0000,0x0000,0x0000,0x0000,0x0000,0x0000,0x0000,
    0x0000,0x0000,0x0000,0x0000,0x0000,0x0000,0x0000,0x0000,0x0000,0x0000,0x0000,0x0000,0x0000,0x0000,0x0000,0x3E7D,
    0x77FF,0x33CF,0x0000,0xD696,0xE6F7,0xE6F8,0x73AC,0xAD52,0xDED7,0xDEB6,0xFF9A,0x8C4F,0x4A68,0xFFDB,0xFFBA,0xCE35,
    0x0020,0x0020,0x0000,0x0000,0x0000,0x0000,0x0000,0x18E3,0x632A,0xA511,0xDEB7,0xFFBA,0xEF7A,0x39C6,0x0000,0x0020,
    0x0000,0x0000,0x0840,0xDEB7,0xFFFB,0xFFBA,0xFFDA,0xFFFB,0x52A9,0x0000,0x5288,0xFFFC,0xFFBA,0xFFDA,0xFFDA,0xFFFB,
    0xF779,0x73AC,0x10A2,0x0020,0x0020,0x18C2,0x6B4B,0x10A2,0x0000,0x0000,0x0000,0x0000,0x738C,0xFFFC,0xFFBA,0xFFDA,
    0xFFDA,0xFFDA,0xFFFB,0xFFDA,0xFFDA,0xFFDB,0xFFFB,0xFFFB,0xFFFE,0x7BCD,0x0000,0x5AC9,0xFF99,0xF6B5,0xF633,0xF570,
    0xF4CD,0xF4AC,0xF42A,0xEC0A,0xF46B,0xF4ED,0xF54F,0xF613,0xE5D2,0x30C1,0x08C3,0x6F1C,0x77FF,0x0000,0x0000,0x0000,
    0x0000,0x0000,0x0000,0x0000,0x0000,0x0000,0x0000,0x0000,0x0000,0x0000,0x0000,0x0000,0x0000,0x0000,0x0000,0x0000,
    0x0000,0x0000,0x0000,0x0000,0x0000,0x0000,0x0000,0x0000,0x77FF,0x33CF,0x0000,0xD696,0xE6D7,0xE6D7,0xF779,0xEF38,
    0xEF18,0xFF99,0xDE97,0x18C2,0x41E6,0xBDD4,0x73AC,0x4207,0x0000,0x0000,0x0000,0x0861,0x4A68,0x2123,0x0000,0xBDD4,
    0xFFFD,0xFFFC,0xFFFB,0xFFDA,0xFFFB,0xEF59,0x31A5,0x0000,0x0020,0x0000,0x0840,0xDED7,0xFFFB,0xFFDA,0xFFDA,0xFFFB,
    0x52A9,0x0000,0xCE75,0xFFFC,0xFFBA,0xFFDA,0xFFDB,0xF79A,0x39C6,0x0000,0x0000,0x0000,0x0000,0x0000,0x0000,0x2103,
    0x5AEA,0x840D,0xB592,0x0000,0x6B4B,0xFFFC,0xFFBA,0xFFDA,0xFFFB,0xFFFC,0xFFFC,0xFFFC,0xFFDB,0xFF58,0xF695,0xF5D2,
    0xFD8F,0x7246,0x0000,0x5963,0xF40A,0xEC8B,0xF4ED,0xF570,0xF634,0xF6B6,0xF717,0xFF38,0xFF17,0xF696,0xF5D1,0xFD4E,
    0xBB27,0x0000,0x226A,0x7FFF,0x0000,0x0000,0x0000,0x0000,0x0000,0x0000,0x0000,0x0000,0x0000,0x0000,0x0000,0x0000,
    0x0000,0x0000,0x0000,0x0000,0x0000,0x0000,0x0000,0x0000,0x0000,0x0000,0x0000,0x0000,0x0000,0x0000,0x0000,0x0000,
    0x7FFF,0x3C10,0x0000,0xD6B7,0xF758,0xF759,0xF759,0xE6F8,0xCE56,0x8C4E,0x18C2,0x0000,0x0020,0x0000,0x0000,0x0000,
    0x4A48,0x73AC,0xBDD3,0xE718,0xFFFC,0x5AC9,0x0000,0xBDB3,0xFFFB,0xF79A,0xFFDA,0xFFDA,0xFFBA,0xFFFB,0xEF39,0x2964,
    0x0000,0x0000,0x0840,0xDED7,0xFFFB,0xFFDA,0xFFDA,0xFFFC,0x4A47,0x31A5,0xFFFB,0xFFDA,0xFFDA,0xFFBA,0xFFFC,0x840D,
    0x0000,0x0020,0x18C2,0x6B4B,0x842E,0xC5F4,0xE6F7,0xF79A,0xFFFB,0xFFFD,0xF779,0x0000,0x6B6B,0xFFFE,0xFFFB,0xFFDA,
    0xFF37,0xF674,0xF591,0xF50D,0xFCAC,0xFCCD,0xFD2E,0xFD70,0xFE33,0x6AC8,0x0000,0x5AA8,0xFF9A,0xFF38,0xFEF7,0xF633,
    0xF54E,0xFCCC,0xFC09,0xF2E3,0xEAA1,0xEA61,0xEA00,0xE200,0xFA80,0x7960,0x0000,0x4CF4,0x7FFF,0x0000,0x0000,0x0000,
    0x0000,0x0000,0x0000,0x0000,0x0000,0x0000,0x0000,0x0000,0x0000,0x0000,0x0000,0x0000,0x0000,0x0000,0x0000,0x0000,
    0x0000,0x0000,0x0000,0x0000,0x0000,0x0000,0x0000,0x0000,0x7FFF,0x3C31,0x0000,0xCE56,0xCE56,0x8C2E,0x62EA,0x2124,
    0x0840,0x0000,0x0000,0x0000,0x0000,0x0020,0x0020,0x73AC,0xFFFD,0xFFFC,0xFFFC,0xFFFB,0xFFFB,0x52A9,0x0000,0xBDB3,
    0xFFFC,0xFFBA,0xFFDA,0xFFDA,0xFFDA,0xFFBA,0xFFFB,0xE738,0x2944,0x0000,0x0841,0xDED7,0xFFFB,0xFFDA,0xFFDA,0xFFFC,
    0x4227,0x6B6B,0xFFFD,0xFFBA,0xFFDA,0xFFFB,0xEF79,0x18C2,0x0000,0x0000,0x4A27,0xFFFC,0xFFFC,0xFFFB,0xFFFB,0xFFFB,
    0xFFFB,0xFFFC,0xE759,0x0000,0x6247,0xFD90,0xECAC,0xF46C,0xF48C,0xF52E,0xFDB1,0xEDF3,0xD5F3,0xAD31,0x6BAD,0x4AEA,
    0x0904,0x0000,0x0000,0x5143,0xF345,0xEAA1,0xEA81,0xEA20,0xEA20,0xA160,0x58C0,0xB1C0,0xF2A1,0xEA81,0xEAA1,0xEAA1,
    0xEA81,0xF2A1,0x3880,0x0082,0x6F3C,0x77FF,0x0000,0x0000,0x0000,0x0000,0x0000,0x0000,0x0000,0x0000,0x0000,0x0000,
    0x0000,0x0000,0x0000,0x0000,0x0000,0x0000,0x0000,0x0000,0x0000,0x0000,0x0000,0x0000,0x0000,0x0000,0x0000,0x77FF,
    0x7FFF,0x2B2D,0x0000,0x0000,0x0000,0x0000,0x0000,0x0000,0x0000,0x0000,0x0000,0x0000,0x0000,0x0020,0x0000,0x7BCD,
    0xFFFC,0xF79A,0xFFBA,0xFFBA,0xFFFB,0x52A9,0x0000,0xB5B3,0xFFFC,0xFFBA,0xFFDA,0xFFDA,0xFFDA,0xFFDA,0xFFBA,0xFFFB,
    0xE6F8,0x2103,0x0000,0xDEF7,0xFFFB,0xFFDA,0xFFDA,0xFFFC,0x52A9,0xAD31,0xFFFC,0xFFBA,0xFFDA,0xFFFB,0xCE55,0x0000,
    0x0000,0x0000,0x39C5,0xFFFB,0xFFFB,0xFFFC,0xFFDB,0xFF38,0xF654,0xFD70,0xDC6B,0x0000,0x6226,0xFE13,0xF675,0xFEB6,
    0xFED6,0xEDF3,0x4AEA,0x08E4,0x0041,0x0000,0x0000,0x3020,0x58C0,0x8140,0x2040,0x40A0,0xF260,0xEA61,0xEA81,0xEA81,
    0xFAC1,0x50E0,0x0000,0x2060,0xDA61,0xEA81,0xEA81,0xEA81,0xEA81,0xF2A1,0xCA41,0x0800,0x11E8,0x7FFF,0x0000,0x0000,
    0x0000,0x0000,0x0000,0x0000,0x0000,0x0000,0x0000,0x0000,0x0000,0x0000,0x0000,0x0000,0x0000,0x0000,0x0000,0x0000,
    0x0000,0x0000,0x0000,0x0000,0x0000,0x0000,0x7FFF,0x6F1C,0x1A08,0x0000,0x2944,0x738C,0xB5B3,0xDEB7,0xDED7,0xD696,
    0xAD72,0x736C,0x2944,0x0000,0x0000,0x0020,0x0000,0x7BAC,0xFFFC,0xFFBA,0xFFDA,0xFFDA,0xFFFB,0x52A9,0x0000,0xB593,
    0xFFFC,0xFFBA,0xFFDA,0xFFDA,0xFFDA,0xFFDA,0xFFDA,0xFFBA,0xFFFC,0xDEB7,0x2944,0xD696,0xFFFB,0xFFDA,0xFFDA,0xFFFB,
    0x5AE9,0xBDD3,0xFFFC,0xFFBA,0xFFBA,0xFFFB,0xCE56,0x0020,0x0000,0x0000,0x18C2,0xEE95,0xFE13,0xFD4F,0xF4AD,0xF4AD,
    0xF54E,0xFE54,0xE613,0x0000,0x6226,0xFD4E,0xEBC8,0xEAC3,0xEAA1,0xDA00,0x5080,0x6900,0xA9A0,0xCA21,0xE281,0xF2A1,
    0xFAA1,0xFAC1,0x40A0,0x40A0,0xF2A1,0xEA81,0xEA81,0xEA81,0xFAA1,0x6100,0x0000,0x0000,0x58E0,0xF2A1,0xE261,0xE281,
    0xEA81,0xE261,0xFAA1,0x99A1,0x0000,0x3C31,0x7FFF,0x0000,0x0000,0x0000,0x0000,0x0000,0x0000,0x0000,0x0000,0x0000,
    0x0000,0x0000,0x0000,0x0000,0x0000,0x0000,0x0000,0x0000,0x0000,0x0000,0x0000,0x0000,0x0000,0x7FFF,0x5597,0x0061,
    0x1881,0x9CD0,0xF7BA,0xFFFC,0xFFFC,0xFFFB,0xFFFB,0xFFFB,0xFFFC,0xFFFC,0xF7BA,0xB572,0x4207,0x0020,0x0000,0x7BAC,
    0xFFFC,0xFFBA,0xFFDA,0xFFDA,0xFFFB,0x52A9,0x0000,0xB593,0xFFFC,0xFFBA,0xFFDA,0xFFDA,0xFFDA,0xFFDA,0xFFDA,0xFFDA,
    0xFFBA,0xFFFC,0xD696,0xE718,0xFFFB,0xFFDA,0xFFBA,0xFFFB,0x5AE9,0xBDD3,0xFFFD,0xFFFC,0xFFFC,0xFFFC,0xEEB6,0x1000,
    0x0000,0x0000,0x0820,0xF4CC,0xFD90,0xD510,0xE654,0xFF58,0xF633,0xF4ED,0xDB25,0x0000,0x58C0,0xFA20,0xE240,0xEA60,
    0xEA81,0xEA81,0xFAC1,0xFAC1,0xF2A1,0xF2A1,0xEA81,0xEA81,0xE281,0xF281,0x40A0,0x40A0,0xF2A1,0xEA81,0xEA81,0xE261,
    0xF2A1,0x58C0,0x0083,0x3B8E,0x0000,0x99A1,0xFAC1,0xFAA1,0xFAA1,0xF2A1,0xE281,0xE281,0x40A0,0x0000,0x5E39,0x77FF,
    0x0000,0x0000,0x0000,0x0000,0x0000,0x0000,0x0000,0x0000,0x0000,0x0000,0x0000,0x0000,0x0000,0x0000,0x0000,0x0000,
    0x0000,0x0000,0x0000,0x0000,0x7FFF,0x4CF4,0x0000,0x3185,0xDEF8,0xFFFC,0xFFDB,0xFFBA,0xFFBA,0xFFDA,0xFFDA,0xFFDA,
    0xFFBA,0xFFBA,0xFFDA,0xFFFE,0xB593,0x0020,0x0000,0x7BAC,0xFFFC,0xFFBA,0xFFDA,0xFFDA,0xFFFB,0x52A9,0x0000,0xB593,
    0xFFFC,0xFFBA,0xFFDA,0xFFDA,0xFFDA,0xFFDA,0xFFDA,0xFFDA,0xFFDA,0xFFDA,0xFFFB,0xFFDA,0xFFDA,0xFFDB,0xFFFB,0xFFFE,
    0x52EA,0x9CB0,0xFF79,0xF613,0xF54F,0xECAC,0xFD0E,0x8B6A,0x0000,0x0000,0x0040,0x73AD,0x4289,0x0061,0xA265,0xFAE2,
    0xE220,0xEA20,0xDA20,0x0000,0x5900,0xFAC1,0xEA81,0xEA81,0xEA81,0xEA81,0xEA81,0xE281,0xEA81,0xEA81,0xEA81,0xEA81,
    0xEA81,0xF281,0x40A0,0x40A0,0xF2A1,0xEA81,0xF2A1,0xF2A1,0xFAE1,0x6900,0x0042,0x6F5D,0x11E8,0x1000,0x99A0,0x7120,
    0x58C0,0x4860,0x2000,0x0000,0x0000,0x0000,0x1145,0x779E,0x77DF,0x0000,0x0000,0x0000,0x0000,0x0000,0x0000,0x0000,
    0x0000,0x0000,0x0000,0x0000,0x0000,0x0000,0x0000,0x0000,0x0000,0x0000,0x0000,0x77FF,0x5DF8,0x0000,0x41E6,0xF79A,
    0xFFFB,0xFFBA,0xFFDA,0xFFDA,0xFFBA,0xFFDA,0xFFDA,0xFFDA,0xFFBA,0xFFBA,0xFFFC,0xC5F4,0x1082,0x0000,0x0000,0x73AC,
    0xFFFC,0xFFBA,0xFFDA,0xFFDA,0xFFFB,0x52A9,0x0000,0xB593,0xFFFC,0xFFBA,0xFFDA,0xFFDA,0xFFFB,0xFFFB,0xFFDA,0xFFDA,
    0xFFDA,0xFFFB,0xFFFB,0xFFFC,0xFFFC,0xFFBA,0xF6D6,0xFDB1,0x4963,0x59C5,0xFD2E,0xF550,0xF613,0xF653,0xF5F3,0xFCCC,
    0x8960,0x1840,0x0000,0x0000,0x1800,0x8960,0xE240,0xEA60,0xEA81,0xEAA1,0xDA61,0x0000,0x58E0,0xFAA1,0xEA81,0xEA81,
    0xEA81,0xEA81,0xEA81,0xEA81,0xEA81,0xE281,0xEA81,0xEA81,0xEA81,0xFAA1,0x40A0,0x40A0,0xFAA1,0xDA61,0xCA21,0x99A0,
    0x6920,0x2000,0x0000,0x6F3D,0x66BB,0x0061,0x0000,0x0000,0x0082,0x1229,0x230C,0x33AF,0x4514,0x5E9B,0x671D,0x77DF,
    0x77FF,0x0000,0x0000,0x0000,0x0000,0x0000,0x0000,0x0000,0x0000,0x0000,0x0000,0x0000,0x0000,0x0000,0x0000,0x0000,
    0x0000,0x0000,0x77DF,0x779E,0x08C3,0x2944,0xEF7A,0xFFFB,0xFFBA,0xFFDA,0xFFDA,0xFFFB,0xFFFC,0xFFFB,0xFFDA,0xFFFB,
    0xFFFC,0xFFFC,0xCE55,0x18C2,0x0000,0x0841,0x0000,0x73AC,0xFFFC,0xFFBA,0xFFDA,0xFFDA,0xFFFB,0x5AA9,0x0000,0xB592,
    0xFFFC,0xFFBA,0xFFDA,0xFFDA,0xF779,0xEF38,0xFFFC,0xFFFC,0xFFFC,0xFF99,0xFEB5,0xF570,0xF4AC,0xEC0A,0xEC6B,0xFDB0,
    0x5A06,0x18E3,0xF675,0xF54F,0xEC09,0xEAE3,0xEA60,0xEA20,0xF2A1,0xDA41,0xC200,0xCA21,0xEA81,0xFAA1,0xEA81,0xEA81,
    0xEA81,0xEA81,0xE261,0x0000,0x58E0,0xFAA1,0xE261,0xE281,0xEA81,0xEA81,0xEA81,0xF281,0xF2A1,0xFAA1,0xF2A1,0xEA81,
    0xD261,0xC221,0x3080,0x1820,0x50C0,0x1840,0x0000,0x0000,0x0000,0x11C7,0x336E,0x6F9F,0x7FFF,0x66BB,0x669B,0x777E,
    0x77BF,0x77FF,0x7FFF,0x7FFF,0x7FFF,0x77FF,0x7FFF,0x0000,0x0000,0x0000,0x0000,0x0000,0x0000,0x0000,0x0000,0x0000,
    0x0000,0x0000,0x0000,0x0000,0x0000,0x0000,0x0000,0x0000,0x0000,0x0000,0x7FFF,0x2AEC,0x0000,0xD696,0xFFFC,0xFFBA,
    0xFFDB,0xFFDA,0xFFFB,0xF799,0x946F,0x5288,0x39E6,0x5288,0xA511,0xCE55,0x18C2,0x0000,0x0000,0x0000,0x0000,0x73AC,
    0xFFFC,0xFFBA,0xFFDA,0xFFDA,0xFFFB,0x5AC9,0x0000,0xB572,0xFFFC,0xFFDB,0xFFFC,0xFFFD,0xE739,0x3A06,0xE696,0xFD90,
    0xEC8C,0xF42A,0xF4AC,0xF54F,0xF613,0xF674,0xF614,0xFDD0,0x6225,0x0000,0xA1A0,0xFA40,0xE220,0xEA60,0xEA81,0xEA81,
    0xEA81,0xEA81,0xF2A1,0xF2A1,0xEA81,0xEA81,0xEA81,0xEA81,0xE261,0xFAA1,0xA9C0,0x0000,0x6100,0xFAA1,0xF281,0xFAA1,
    0xFAA1,0xF281,0xDA61,0xCA41,0xA9C1,0x7120,0x58E0,0x3040,0x0000,0x0000,0x0000,0x0020,0x0000,0x0000,0x2B2D,0x66BB,
    0x777E,0x77DF,0x77FF,0x77BF,0x779F,0x77FF,0x7FFF,0x0000,0x0000,0x0000,0x0000,0x0000,0x0000,0x0000,0x0000,0x0000,
    0x0000,0x0000,0x0000,0x0000,0x0000,0x0000,0x0000,0x0000,0x0000,0x0000,0x0000,0x0000,0x0000,0x0000,0x0000,0x0000,
    0x0000,0x77FF,0x66FC,0x0000,0x738C,0xFFFC,0xFFBA,0xFFDA,0xFFDA,0xFFFB,0xDED7,0x2965,0x0000,0x0000,0x0000,0x0000,
    0x0000,0x0000,0x0000,0x0841,0x3185,0x4A48,0x0000,0x73AC,0xFFFC,0xFFBA,0xFFDA,0xFFBA,0xFFFC,0x5AC9,0x0000,0xB5D4,
    0xFFFD,0xFF58,0xF674,0xF54F,0xE44B,0x0000,0x3880,0xF4EE,0xFE54,0xF654,0xF5B1,0xF4ED,0xEBA7,0xEAA2,0xE240,0xF220,
    0x60C0,0x0000,0x2860,0xDA61,0xF2A1,0xE281,0xEA81,0xEA81,0xEA81,0xEA81,0xEA81,0xEA81,0xEA81,0xEA81,0xE281,0xEA81,
    0xFAA1,0xB1C0,0x1020,0x0000,0x58E0,0xDA61,0xBA01,0x8160,0x6100,0x40A0,0x0800,0x0000,0x0000,0x0000,0x0000,0x08A2,
    0x3A07,0x5289,0x7BEE,0x73AD,0x0000,0x1A08,0x7FFF,0x7FFF,0x0000,0x0000,0x0000,0x0000,0x0000,0x0000,0x0000,0x0000,
    0x0000,0x0000,0x0000,0x0000,0x0000,0x0000,0x0000,0x0000,0x0000,0x0000,0x0000,0x0000,0x0000,0x0000,0x0000,0x0000,
    0x0000,0x0000,0x0000,0x0000,0x0000,0x0000,0x0000,0x0000,0x0000,0x7FFF,0x33CF,0x0000,0xDEF7,0xFFFB,0xFFDA,0xFFDA,
    0xFFFB,0xF79A,0x2964,0x0000,0x0020,0x0000,0x0000,0x0861,0x4A27,0x736C,0xAD72,0xDED7,0xFFFB,0xCE35,0x0000,0x738C,
    0xFFFC,0xFFDB,0xFFFC,0xFFFC,0xFFDB,0x5A88,0x0000,0xA369,0xFCCC,0xEC4B,0xF4ED,0xFDF3,0xEE54,0x1061,0x0000,0x5268,
    0xF3A7,0xEAA1,0xEA20,0xEA00,0xEA40,0xEA61,0xEA81,0xFAC1,0x6100,0x0000,0x0000,0x3060,0xD241,0xFAA1,0xF281,0xEA81,
    0xEA81,0xEA81,0xEA81,0xEA81,0xEA81,0xF281,0xFAA1,0xEA81,0x8160,0x0800,0x0000,0x0000,0x0000,0x0000,0x0000,0x0000,
    0x0000,0x0021,0x31A6,0x4A89,0x632C,0x9CB1,0xAD74,0xBDF6,0xCE57,0xDED9,0xBDD5,0x18E3,0x0904,0x777E,0x77DF,0x0000,
    0x0000,0x0000,0x0000,0x0000,0x0000,0x0000,0x0000,0x0000,0x0000,0x0000,0x0000,0x0000,0x0000,0x0000,0x0000,0x0000,
    0x0000,0x0000,0x0000,0x0000,0x0000,0x0000,0x0000,0x0000,0x0000,0x0000,0x0000,0x0000,0x0000,0x0000,0x0000,0x0000,
    0x0000,0x77FF,0x0925,0x4A07,0xFFFC,0xFFDA,0xFFDA,0xFFBA,0xFFFC,0x946F,0x0000,0x0020,0x0000,0x630A,0xC615,0xE718,
    0xFFFB,0xFFFC,0xFFFC,0xFFDB,0xFFFC,0xBE14,0x0000,0x73CD,0xFFFD,0xF6F6,0xF5B1,0xF4AC,0xF409,0x5142,0x0000,0xA40C,
    0xFF17,0xF6F7,0xF675,0xFD4E,0xE3E9,0x0820,0x0000,0x0000,0x60C0,0xF281,0xEA81,0xEA81,0xEA81,0xEA81,0xEA81,0xFAA1,
    0x60E0,0x0062,0x2C33,0x0062,0x1000,0x7940,0xCA41,0xEA81,0xF2A1,0xFAA1,0xFAA1,0xF2A1,0xEA81,0xD241,0x8980,0x2880,
    0x0000,0x0000,0x0000,0x0840,0x2124,0x4A48,0x5AEA,0x8C4F,0xAD33,0xBDD5,0xCE57,0xD698,0xD698,0xCE78,0xCE57,0xC636,
    0xCE77,0xAD74,0x18A2,0x0082,0x66DB,0x77FF,0x0000,0x0000,0x0000,0x0000,0x0000,0x0000,0x0000,0x0000,0x0000,0x0000,
    0x0000,0x0000,0x0000,0x0000,0x0000,0x0000,0x0000,0x0000,0x0000,0x0000,0x0000,0x0000,0x0000,0x0000,0x0000,0x0000,
    0x0000,0x0000,0x0000,0x0000,0x0000,0x0000,0x0000,0x0000,0x0000,0x779E,0x0000,0x73AC,0xFFFC,0xFFBA,0xFFDA,0xFFDA,
    0xFFFB,0x4A47,0x0000,0x0020,0x0000,0xC614,0xFFFD,0xFFDA,0xFFDA,0xFFDB,0xFFFB,0xFFFC,0xFFFC,0xC571,0x0000,0x6A26,
    0xFCAB,0xEC4B,0xF50E,0xF5F2,0xFED6,0x5A67,0x0000,0x9B49,0xFC4A,0xEAA2,0xEA40,0xEA00,0xDA00,0x0820,0x0000,0x0000,
    0x0000,0x6920,0xF2A1,0xEA81,0xEA81,0xEA81,0xE261,0xF2A1,0x60E0,0x0021,0x46BE,0x3DDA,0x0A29,0x0000,0x0000,0x2800,
    0x50A0,0x58E0,0x58E0,0x5080,0x3020,0x0800,0x0000,0x0000,0x0000,0x632C,0xA512,0xB594,0xC616,0xCE78,0xD698,0xCE78,
    0xCE57,0xC637,0xC637,0xC616,0xC616,0xC616,0xC616,0xCE78,0xAD74,0x18C3,0x0082,0x667A,0x7FFF,0x0000,0x0000,0x0000,
    0x0000,0x0000,0x0000,0x0000,0x0000,0x0000,0x0000,0x0000,0x0000,0x0000,0x0000,0x0000,0x0000,0x0000,0x0000,0x0000,
    0x0000,0x0000,0x0000,0x0000,0x0000,0x0000,0x0000,0x0000,0x0000,0x0000,0x0000,0x0000,0x0000,0x0000,0x0000,0x0000,
    0x77FF,0x66FC,0x0000,0xA511,0xFFFC,0xFFBA,0xFFDA,0xFFFB,0xF779,0x10A2,0x0000,0x0000,0x0000,0xAD72,0xFFFD,0xFFFB,
    0xFFDB,0xFF38,0xF634,0xF50E,0xFCCD,0xBBCA,0x0000,0x72E9,0xFF38,0xF696,0xF590,0xEC4A,0xF303,0x50E0,0x0000,0x8920,
    0xFA60,0xE261,0xEA81,0xEAA1,0xDA81,0x0800,0x124A,0x126B,0x0000,0x0000,0x7940,0xFAA1,0xEA81,0xEA81,0xEA81,0xFAE1,
    0x6900,0x0021,0x465C,0x471F,0x46FF,0x3599,0x1B70,0x0A4B,0x0167,0x0062,0x0042,0x01A8,0x0A4A,0x0062,0x0000,0x0861,
    0x7BEE,0xD698,0xCE57,0xCE57,0xCE57,0xC637,0xCE57,0xD677,0xD6B8,0xDED8,0xCE37,0xC636,0xC637,0xC616,0xD698,0xA553,
    0x18A2,0x0082,0x5E7A,0x7FFF,0x0000,0x0000,0x0000,0x0000,0x0000,0x0000,0x0000,0x0000,0x0000,0x0000,0x0000,0x0000,
    0x0000,0x0000,0x0000,0x0000,0x0000,0x0000,0x0000,0x0000,0x0000,0x0000,0x0000,0x0000,0x0000,0x0000,0x0000,0x0000,
    0x0000,0x0000,0x0000,0x0000,0x0000,0x0000,0x0000,0x0000,0x7FFF,0x669B,0x0000,0xBDB3,0xFFFC,0xFFBA,0xFFDA,0xFFDA,
    0xFFBA,0x3185,0x0000,0x0020,0x0000,0x8C0D,0xFEF7,0xFDB1,0xFD2E,0xF4CD,0xF590,0xF6B6,0xFFDA,0xCE35,0x0000,0x6A25,
    0xFBE8,0xE261,0xEA20,0xEA20,0xF280,0x50E0,0x0000,0x8161,0xFAC1,0xE281,0xEA81,0xEA81,0xDA81,0x0800,0x1ACD,0x473F,
    0x1AAC,0x0000,0x0000,0x8960,0xFAA1,0xE261,0xCA21,0xA9E1,0x3060,0x0000,0x3E3C,0x46DF,0x46BE,0x46FF,0x473F,0x46FF,
    0x46BE,0x46BE,0x46BE,0x3558,0x09C8,0x0000,0x4A27,0xC615,0xEF5A,0xE719,0xEF39,0xF77A,0xF79A,0xFFBA,0xFFBB,0xFFDB,
    0xFFDB,0xDEF8,0xC637,0xC636,0xC616,0xD698,0x94B1,0x1061,0x08C3,0x66BB,0x7FFF,0x0000,0x0000,0x0000,0x0000,0x0000,
    0x0000,0x0000,0x0000,0x0000,0x0000,0x0000,0x0000,0x0000,0x0000,0x0000,0x0000,0x0000,0x0000,0x0000,0x0000,0x0000,
    0x0000,0x0000,0x0000,0x0000,0x0000,0x0000,0x0000,0x0000,0x0000,0x0000,0x0000,0x0000,0x0000,0x0000,0x0000,0x0000,
    0x7FFF,0x66FC,0x0000,0xA511,0xFFFC,0xFFBA,0xFFFB,0xFFFC,0xFFFD,0x7B8C,0x0000,0x0820,0x0000,0x7A66,0xFD2E,0xB40C,
    0x6AE9,0xF759,0xFF58,0xF5B1,0xFC8B,0xC284,0x0000,0x6900,0xFA80,0xE281,0xEA81,0xEA81,0xF2A1,0x50E0,0x0000,0x8140,
    0xFAA1,0xE281,0xE281,0xEA81,0xE281,0x0800,0x12AC,0x471F,0x46DF,0x1B4F,0x0000,0x0000,0x50E0,0x2040,0x0000,0x0000,
    0x0000,0x0966,0x3E7D,0x46DE,0x46BE,0x3E9E,0x3E9E,0x46FF,0x471F,0x3579,0x122A,0x0000,0x20C2,0x9CD0,0xFFFB,0xFFFC,
    0xFFDB,0xFFDB,0xFFDB,0xFFDB,0xFFDB,0xFFDB,0xFFDB,0xFFBB,0xD6B8,0xC616,0xC616,0xC637,0xD698,0x73CE,0x0000,0x1145,
    0x6F3C,0x7FFF,0x0000,0x0000,0x0000,0x0000,0x0000,0x0000,0x0000,0x0000,0x0000,0x0000,0x0000,0x0000,0x0000,0x0000,
    0x0000,0x0000,0x0000,0x0000,0x0000,0x0000,0x0000,0x0000,0x0000,0x0000,0x0000,0x0000,0x0000,0x0000,0x0000,0x0000,
    0x0000,0x0000,0x0000,0x0000,0x0000,0x0000,0x0000,0x0000,0x0000,0x779F,0x0000,0x73AC,0xFFFE,0xFFBA,0xFEF6,0xF5F2,
    0xF50E,0xE4CF,0x3186,0x0000,0x0000,0x2144,0x1965,0x0021,0x2040,0xEB04,0xEA81,0xE220,0xF240,0xB9E0,0x0000,0x6920,
    0xFAC1,0xE281,0xEA81,0xEA81,0xF2A1,0x50E0,0x0000,0x7940,0xFAA1,0xEA81,0xF2A1,0xFAA1,0xDA61,0x0800,0x12CC,0x471F,
    0x3E9E,0x471F,0x23D1,0x0000,0x0000,0x0000,0x0125,0x1B0E,0x3558,0x3E9E,0x46BE,0x3E9E,0x46DF,0x471F,0x46DF,0x3517,
    0x09E9,0x0000,0x1861,0x842E,0xEF79,0xFFFC,0xFFBB,0xFFBA,0xFFBB,0xFFBB,0xFFBB,0xFFBB,0xFFBB,0xFFDB,0xF79A,0xD697,
    0xC616,0xC616,0xCE77,0xC637,0x5ACA,0x0000,0x1A49,0x77BF,0x77FF,0x0000,0x0000,0x0000,0x0000,0x0000,0x0000,0x0000,
    0x0000,0x0000,0x0000,0x0000,0x0000,0x0000,0x0000,0x0000,0x0000,0x0000,0x0000,0x0000,0x0000,0x0000,0x0000,0x0000,
    0x0000,0x0000,0x0000,0x0000,0x0000,0x0000,0x0000,0x0000,0x0000,0x0000,0x0000,0x0000,0x0000,0x0000,0x0000,0x0000,
    0x0000,0x77FF,0x0945,0x49C5,0xFD90,0xECCD,0xF50E,0xF5B1,0xF5F3,0xFDB1,0xE3A8,0x7120,0x2860,0x0800,0x3860,0x8960,
    0xE281,0xEA60,0xEA81,0xEA81,0xF2A1,0xBA01,0x0000,0x6920,0xFAA1,0xE281,0xEA81,0xE281,0xF281,0x50E0,0x0000,0x8160,
    0xFAC1,0xD241,0xA9E1,0x6920,0x3080,0x0000,0x126B,0x471F,0x3E9E,0x3EBE,0x473F,0x2C53,0x1AED,0x3558,0x3E9D,0x471F,
    0x46FF,0x46BE,0x46FF,0x473F,0x3E7D,0x2412,0x0146,0x0000,0x20A2,0x842E,0xEF39,0xFFFC,0xFFDB,0xFFBA,0xFFDB,0xFFDB,
    0xFFDB,0xFFDB,0xFFBB,0xFFDB,0xFFDB,0xEF39,0xCE57,0xC616,0xC636,0xD698,0xAD74,0x2924,0x0000,0x3BCF,0x7FFF,0x77FF,
    0x0000,0x0000,0x0000,0x0000,0x0000,0x0000,0x0000,0x0000,0x0000,0x0000,0x0000,0x0000,0x0000,0x0000,0x0000,0x0000,
    0x0000,0x0000,0x0000,0x0000,0x0000,0x0000,0x0000,0x0000,0x0000,0x0000,0x0000,0x0000,0x0000,0x0000,0x0000,0x0000,
    0x0000,0x0000,0x0000,0x0000,0x0000,0x0000,0x0000,0x0000,0x0000,0x7FFF,0x33CF,0x0000,0xDD71,0xFEB5,0xF570,0xF42A,
    0xEAE3,0xEA40,0xEA40,0xFAA1,0xE261,0xDA61,0xF2A1,0xFAA1,0xEA81,0xEA81,0xEA81,0xE281,0xF2A1,0xC200,0x0000,0x6900,
    0xF2A1,0xEA81,0xF281,0xFAA1,0xFAA1,0x50E0,0x0000,0x38A0,0x58E0,0x0800,0x0000,0x0000,0x0021,0x11E8,0x2C94,0x46FF,
    0x46BE,0x46BE,0x3EBE,0x46FF,0x471F,0x46FF,0x46BE,0x46DF,0x471F,0x46DE,0x3558,0x12AC,0x0041,0x0000,0x3184,0x9CB0,
    0xF77A,0xFFFC,0xFFFB,0xFFBA,0xFFBB,0xFFDB,0xFFDB,0xFFDB,0xFFBB,0xFFDB,0xFFDB,0xF79A,0xDEB8,0xC616,0xC616,0xCE57,
    0xCE77,0x7BCE,0x0800,0x0082,0x5576,0x7FFF,0x77BF,0x0000,0x0000,0x0000,0x0000,0x0000,0x0000,0x0000,0x0000,0x0000,
    0x0000,0x0000,0x0000,0x0000,0x0000,0x0000,0x0000,0x0000,0x0000,0x0000,0x0000,0x0000,0x0000,0x0000,0x0000,0x0000,
    0x0000,0x0000,0x0000,0x0000,0x0000,0x0000,0x0000,0x0000,0x0000,0x0000,0x0000,0x0000,0x0000,0x0000,0x0000,0x0000,
    0x0000,0x77FF,0x66FC,0x0000,0x6A05,0xFB03,0xE200,0xEA20,0xEA60,0xEA81,0xEA81,0xEA81,0xEA81,0xEA81,0xEA81,0xEA81,
    0xEA81,0xEA81,0xEA81,0xEA81,0xF281,0x58E0,0x0000,0x7120,0xFAE1,0xE281,0xCA21,0x8981,0x58E0,0x1000,0x0000,0x0000,
    0x0000,0x00E4,0x1ACC,0x2C94,0x3E1B,0x46DF,0x46FF,0x46BE,0x46BE,0x3EBE,0x3E9E,0x3EBE,0x46DF,0x471F,0x46FF,0x3DDA,
    0x23B0,0x0125,0x0000,0x0800,0x5AC9,0xBDF4,0xFFDB,0xFFFC,0xFFDB,0xFFBA,0xFFBB,0xFFDB,0xFFDB,0xFFDB,0xFFBB,0xFFDB,
    0xFFDB,0xFFBB,0xE719,0xCE57,0xBDF6,0xC637,0xD698,0xAD74,0x39C6,0x0000,0x1A08,0x6F3D,0x7FFF,0x0000,0x0000,0x0000,
    0x0000,0x0000,0x0000,0x0000,0x0000,0x0000,0x0000,0x0000,0x0000,0x0000,0x0000,0x0000,0x0000,0x0000,0x0000,0x0000,
    0x0000,0x0000,0x0000,0x0000,0x0000,0x0000,0x0000,0x0000,0x0000,0x0000,0x0000,0x0000,0x0000,0x0000,0x0000,0x0000,
    0x0000,0x0000,0x0000,0x0000,0x0000,0x0000,0x0000,0x0000,0x0000,0x0000,0x7FFF,0x2B4D,0x0000,0xB1E1,0xFAC1,0xEA81,
    0xEA81,0xEA81,0xEA81,0xEA81,0xEA81,0xEA81,0xEA81,0xEA81,0xEA81,0xEA81,0xF2A1,0xEA81,0x60E0,0x0000,0x0000,0x40C0,
    0x7140,0x3060,0x0000,0x0000,0x0000,0x0041,0x1209,0x2390,0x3578,0x3E7D,0x471F,0x471F,0x46DF,0x3E9E,0x3E9D,0x46BE,
    0x46DF,0x46FF,0x473F,0x46FF,0x3DFB,0x23D1,0x01A7,0x0000,0x0000,0x41C6,0x948F,0xE739,0xFFFC,0xFFFC,0xFFDB,0xFFBA,
    0xFFBB,0xFFDB,0xFFDB,0xFFDB,0xFFBB,0xFFDB,0xFFDB,0xFFBB,0xEF39,0xCE77,0xC616,0xC616,0xD698,0xC616,0x6B6D,0x0800,
    0x0041,0x44B3,0x7FFF,0x77FF,0x0000,0x0000,0x0000,0x0000,0x0000,0x0000,0x0000,0x0000,0x0000,0x0000,0x0000,0x0000,
    0x0000,0x0000,0x0000,0x0000,0x0000,0x0000,0x0000,0x0000,0x0000,0x0000,0x0000,0x0000,0x0000,0x0000,0x0000,0x0000,
    0x0000,0x0000,0x0000,0x0000,0x0000,0x0000,0x0000,0x0000,0x0000,0x0000,0x0000,0x0000,0x0000,0x0000,0x0000,0x0000,
    0x0000,0x0000,0x77DF,0x77BF,0x1125,0x1000,0xA1C1,0xF2A1,0xF2A1,0xEA81,0xEA81,0xEA81,0xEA81,0xEA81,0xEA81,0xEA81,
    0xF2A1,0xF2A1,0xBA01,0x3880,0x0000,0x0000,0x0000,0x0000,0x0000,0x0000,0x0104,0x1ACC,0x2C94,0x3DFB,0x46DE,0x471F,
    0x46DF,0x46BE,0x3E9E,0x46BE,0x46DF,0x471F,0x473F,0x471F,0x467D,0x3558,0x1B4F,0x0167,0x0000,0x0000,0x3164,0x83ED,
    0xD697,0xFFFB,0xFFFC,0xFFFB,0xFFBA,0xFFBA,0xFFDB,0xFFDB,0xFFDB,0xFFBB,0xFFDB,0xFFDB,0xFFDB,0xFFBB,0xE739,0xCE77,
    0xC616,0xC616,0xCE78,0xCE77,0x8C70,0x20E3,0x0000,0x226A,0x6F3D,0x7FFF,0x0000,0x0000,0x0000,0x0000,0x0000,0x0000,
    0x0000,0x0000,0x0000,0x0000,0x0000,0x0000,0x0000,0x0000,0x0000,0x0000,0x0000,0x0000,0x0000,0x0000,0x0000,0x0000,
    0x0000,0x0000,0x0000,0x0000,0x0000,0x0000,0x0000,0x0000,0x0000,0x0000,0x0000,0x0000,0x0000,0x0000,0x0000,0x0000,
    0x0000,0x0000,0x0000,0x0000,0x0000,0x0000,0x0000,0x0000,0x0000,0x0000,0x0000,0x77FF,0x6F5D,0x1166,0x0000,0x48A0,
    0xA9C0,0xDA61,0xF2A1,0xF2A1,0xF2A1,0xF2A1,0xEA81,0xDA41,0xA9C0,0x58E0,0x0000,0x0000,0x0000,0x0000,0x0020,0x11E8,
    0x2C32,0x3E1B,0x471F,0x4FBF,0x4FBF,0x477F,0x473F,0x471F,0x471F,0x471F,0x46FF,0x467D,0x3DFA,0x2CD6,0x1B0E,0x0A09,
    0x0021,0x0000,0x0000,0x39A5,0x83ED,0xCE76,0xFFDB,0xFFFD,0xFFFC,0xFFBB,0xFFBA,0xFFBB,0xFFDB,0xFFDB,0xFFBB,0xFFBB,
    0xFFDB,0xFFDB,0xFFDB,0xF79A,0xE6F9,0xCE57,0xBDF6,0xC616,0xCE98,0xCE77,0x94B1,0x3185,0x0000,0x0925,0x55D7,0x7FFF,
    0x77FF,0x0000,0x0000,0x0000,0x0000,0x0000,0x0000,0x0000,0x0000,0x0000,0x0000,0x0000,0x0000,0x0000,0x0000,0x0000,
    0x0000,0x0000,0x0000,0x0000,0x0000,0x0000,0x0000,0x0000,0x0000,0x0000,0x0000,0x0000,0x0000,0x0000,0x0000,0x0000,
    0x0000,0x0000,0x0000,0x0000,0x0000,0x0000,0x0000,0x0000,0x0000,0x0000,0x0000,0x0000,0x0000,0x0000,0x0000,0x0000,
    0x0000,0x0000,0x0000,0x0000,0x77FF,0x77FF,0x3C51,0x00C3,0x0000,0x0000,0x3820,0x5080,0x50A0,0x5080,0x3880,0x0820,
    0x0000,0x0000,0x10A2,0x3185,0x0020,0x0000,0x0000,0x00A3,0x12AC,0x1B0E,0x1B2E,0x1B2E,0x1B2E,0x1B4F,0x1B2E,0x1B0D,
    0x12CC,0x0A2A,0x0166,0x0000,0x0000,0x0000,0x0000,0x3144,0x6B2A,0xA4F1,0xDEF8,0xFFFB,0xFFFD,0xFFFC,0xFFDB,0xFFBA,
    0xFFBA,0xFFBB,0xFFDB,0xFFBB,0xFFDB,0xFFDB,0xFFDB,0xFFDB,0xFFBA,0xEF39,0xD6B8,0xC636,0xBDF6,0xC637,0xD698,0xC637,
    0x8C90,0x3185,0x0000,0x00C3,0x44D3,0x77FF,0x7FFF,0x0000,0x0000,0x0000,0x0000,0x0000,0x0000,0x0000,0x0000,0x0000,
    0x0000,0x0000,0x0000,0x0000,0x0000,0x0000,0x0000,0x0000,0x0000,0x0000,0x0000,0x0000,0x0000,0x0000,0x0000,0x0000,
    0x0000,0x0000,0x0000,0x0000,0x0000,0x0000,0x0000,0x0000,0x0000,0x0000,0x0000,0x0000,0x0000,0x0000,0x0000,0x0000,
    0x0000,0x0000,0x0000,0x0000,0x0000,0x0000,0x0000,0x0000,0x0000,0x0000,0x0000,0x0000,0x0000,0x77DF,0x7FFF,0x77DF,
    0x55B7,0x2B6E,0x1A8A,0x09C8,0x0986,0x09E8,0x0021,0x0000,0x0020,0x7BAC,0xEF39,0xFFBA,0xD676,0x946F,0x6B2B,0x4A47,
    0x1881,0x0000,0x0000,0x0000,0x0000,0x0000,0x0000,0x0000,0x0800,0x3144,0x5268,0x6B2A,0x8C2E,0xC5F5,0xE718,0xFFDB,
    0xFFFC,0xFFFC,0xFFFB,0xFFDB,0xFFBA,0xFFBA,0xFFBB,0xFFBB,0xFFDB,0xFFDB,0xFFDB,0xFFFB,0xFFDB,0xFFBA,0xEF39,0xDEB8,
    0xCE57,0xC616,0xC637,0xCE78,0xD698,0xBDD5,0x73AD,0x2103,0x0000,0x00C3,0x44B3,0x77FF,0x7FFF,0x0000,0x0000,0x0000,
    0x0000,0x0000,0x0000,0x0000,0x0000,0x0000,0x0000,0x0000,0x0000,0x0000,0x0000,0x0000,0x0000,0x0000,0x0000,0x0000,
    0x0000,0x0000,0x0000,0x0000,0x0000,0x0000,0x0000,0x0000,0x0000,0x0000,0x0000,0x0000,0x0000,0x0000,0x0000,0x0000,
    0x0000,0x0000,0x0000,0x0000,0x0000,0x0000,0x0000,0x0000,0x0000,0x0000,0x0000,0x0000,0x0000,0x0000,0x0000,0x0000,
    0x0000,0x0000,0x0000,0x0000,0x0000,0x0000,0x0000,0x0000,0x7FFF,0x7FFF,0x77FF,0x77DF,0x77DF,0x7FFF,0x669A,0x1145,
    0x0000,0x73AC,0xDEF8,0xFFFC,0xFFFD,0xFFFD,0xFFFC,0xFFFB,0xF7BA,0xE739,0xDEF8,0xDED7,0xDED7,0xDED7,0xDEF8,0xE739,
    0xEF79,0xFFDB,0xFFFC,0xFFFC,0xFFFD,0xFFFC,0xFFFB,0xFFDB,0xFFBA,0xFFBA,0xFFBA,0xFFBB,0xFFDB,0xFFDB,0xFFDB,0xFFFB,
    0xFFDB,0xFFBB,0xF77A,0xE719,0xD698,0xC636,0xC616,0xC637,0xCE78,0xD698,0xC616,0x94B1,0x4A48,0x0800,0x0000,0x11A6,
    0x4D14,0x77FF,0x7FFF,0x77FF,0x0000,0x0000,0x0000,0x0000,0x0000,0x0000,0x0000,0x0000,0x0000,0x0000,0x0000,0x0000,
    0x0000,0x0000,0x0000,0x0000,0x0000,0x0000,0x0000,0x0000,0x0000,0x0000,0x0000,0x0000,0x0000,0x0000,0x0000,0x0000,
    0x0000,0x0000,0x0000,0x0000,0x0000,0x0000,0x0000,0x0000,0x0000,0x0000,0x0000,0x0000,0x0000,0x0000,0x0000,0x0000,
    0x0000,0x0000,0x0000,0x0000,0x0000,0x0000,0x0000,0x0000,0x0000,0x0000,0x0000,0x0000,0x0000,0x0000,0x0000,0x0000,
    0x0000,0x0000,0x0000,0x0000,0x0000,0x0000,0x7FFF,0x77BF,0x336D,0x0000,0x0000,0x5269,0xAD53,0xDEF8,0xFFBB,0xFFFB,
    0xFFFB,0xFFFB,0xFFFB,0xFFFB,0xFFFB,0xFFFB,0xFFFB,0xFFFB,0xFFFB,0xFFDB,0xFFBB,0xFFBA,0xFFBA,0xFFBA,0xFFDB,0xFFDB,
    0xFFDB,0xFFDB,0xFFDB,0xFFDB,0xFFBA,0xF79A,0xEF59,0xE6F8,0xD6B8,0xCE57,0xC637,0xC637,0xCE77,0xD698,0xCE78,0xB5D5,
    0x8C70,0x5269,0x1061,0x0000,0x0041,0x2B0C,0x5E7A,0x7FFF,0x7FFF,0x0000,0x0000,0x0000,0x0000,0x0000,0x0000,0x0000,
    0x0000,0x0000,0x0000,0x0000,0x0000,0x0000,0x0000,0x0000,0x0000,0x0000,0x0000,0x0000,0x0000,0x0000,0x0000,0x0000,
    0x0000,0x0000,0x0000,0x0000,0x0000,0x0000,0x0000,0x0000,0x0000,0x0000,0x0000,0x0000,0x0000,0x0000,0x0000,0x0000,
    0x0000,0x0000,0x0000,0x0000,0x0000,0x0000,0x0000,0x0000,0x0000,0x0000,0x0000,0x0000,0x0000,0x0000,0x0000,0x0000,
    0x0000,0x0000,0x0000,0x0000,0x0000,0x0000,0x0000,0x0000,0x0000,0x0000,0x0000,0x0000,0x0000,0x0000,0x0000,0x77DF,
    0x7FFF,0x66DB,0x2B0C,0x0000,0x0000,0x1882,0x52A9,0x9490,0xBE16,0xDED8,0xEF5A,0xF7BB,0xFFBB,0xFFBB,0xFFBB,0xFFBB,
    0xFFBB,0xFFBB,0xFFBA,0xFFBA,0xFFBA,0xF79A,0xF79A,0xF77A,0xEF59,0xE739,0xE719,0xDED8,0xD698,0xCE78,0xCE78,0xD698,
    0xCE78,0xCE78,0xC637,0xB5B5,0x9491,0x5AEA,0x39A5,0x0000,0x0000,0x0020,0x22AB,0x4D76,0x77DF,0x7FFF,0x7FFF,0x0000,
    0x0000,0x0000,0x0000,0x0000,0x0000,0x0000,0x0000,0x0000,0x0000,0x0000,0x0000,0x0000,0x0000,0x0000,0x0000,0x0000,
    0x0000,0x0000,0x0000,0x0000,0x0000,0x0000,0x0000,0x0000,0x0000,0x0000,0x0000,0x0000,0x0000,0x0000,0x0000,0x0000,
    0x0000,0x0000,0x0000,0x0000,0x0000,0x0000,0x0000,0x0000,0x0000,0x0000,0x0000,0x0000,0x0000,0x0000,0x0000,0x0000,
    0x0000,0x0000,0x0000,0x0000,0x0000,0x0000,0x0000,0x0000,0x0000,0x0000,0x0000,0x0000,0x0000,0x0000,0x0000,0x0000,
    0x0000,0x0000,0x0000,0x0000,0x0000,0x0000,0x0000,0x0000,0x0000,0x7FFF,0x7FFF,0x77BF,0x4CF4,0x1A6A,0x0000,0x0000,
    0x0000,0x20C3,0x4207,0x5ACA,0x842F,0xA512,0xAD94,0xBDD5,0xC616,0xCE77,0xCE78,0xCE78,0xCE98,0xCE78,0xCE77,0xCE57,
    0xC657,0xBE16,0xB5D5,0xB5B5,0xAD74,0xA513,0x9491,0x736C,0x52A9,0x4207,0x1882,0x0000,0x0000,0x0000,0x0966,0x336E,
    0x55F8,0x77BF,0x77FF,0x7FFF,0x0000,0x0000,0x0000,0x0000,0x0000,0x0000,0x0000,0x0000,0x0000,0x0000,0x0000,0x0000,
    0x0000,0x0000,0x0000,0x0000,0x0000,0x0000,0x0000,0x0000,0x0000,0x0000,0x0000,0x0000,0x0000,0x0000,0x0000,0x0000,
    0x0000,0x0000,0x0000,0x0000,0x0000,0x0000,0x0000,0x0000,0x0000,0x0000,0x0000,0x0000,0x0000,0x0000,0x0000,0x0000,
    0x0000,0x0000,0x0000,0x0000,0x0000,0x0000,0x0000,0x0000,0x0000,0x0000,0x0000,0x0000,0x0000,0x0000,0x0000,0x0000,
    0x0000,0x0000,0x0000,0x0000,0x0000,0x0000,0x0000,0x0000,0x0000,0x0000,0x0000,0x0000,0x0000,0x0000,0x0000,0x0000,
    0x0000,0x0000,0x0000,0x77FF,0x7FFF,0x77FF,0x77BF,0x5E39,0x33AF,0x228A,0x00A2,0x0000,0x0000,0x0000,0x0000,0x0000,
    0x0000,0x20C2,0x2924,0x2924,0x3165,0x3165,0x3144,0x2924,0x2903,0x1061,0x0000,0x0000,0x0000,0x0000,0x0000,0x0000,
    0x0000,0x0945,0x22CB,0x33CF,0x5618,0x6F7E,0x77FF,0x7FFF,0x7FFF,0x0000,0x0000,0x0000,0x0000,0x0000,0x0000,0x0000,
    0x0000,0x0000,0x0000,0x0000,0x0000,0x0000,0x0000,0x0000,0x0000,0x0000,0x0000,0x0000,0x0000,0x0000,0x0000,0x0000,
    0x0000,0x0000,0x0000,0x0000,0x0000,0x0000,0x0000,0x0000,0x0000,0x0000,0x0000,0x0000,0x0000,0x0000,0x0000,0x0000,
    0x0000,0x0000,0x0000,0x0000,0x0000,0x0000,0x0000,0x0000,0x0000,0x0000,0x0000,0x0000,0x0000,0x0000,0x0000,0x0000,
    0x0000,0x0000,0x0000,0x0000,0x0000,0x0000,0x0000,0x0000,0x0000,0x0000,0x0000,0x0000,0x0000,0x0000,0x0000,0x0000,
    0x0000,0x0000,0x0000,0x0000,0x0000,0x0000,0x0000,0x0000,0x0000,0x0000,0x0000,0x0000,0x0000,0x0000,0x0000,0x7FFF,
    0x7FFF,0x77FF,0x77DF,0x6F7E,0x66DB,0x55B7,0x3C10,0x338E,0x2B2D,0x22CB,0x1A8A,0x1A6A,0x1A49,0x1A49,0x1A49,0x1A6A,
    0x228A,0x2B0C,0x2B4D,0x33AF,0x3C10,0x4D76,0x5E7A,0x6F3D,0x779F,0x77FF,0x7FFF,0x7FFF,0x7FFF,0x77FF,0x0000,0x0000,
    0x0000,0x0000,0x0000,0x0000,0x0000,0x0000,0x0000,0x0000,0x0000,0x0000,0x0000,0x0000,0x0000,0x0000,0x0000,0x0000,
    0x0000,0x0000,0x0000,0x0000,0x0000,0x0000,0x0000,0x0000,0x0000,0x0000,0x0000,0x0000,0x0000,0x0000,0x0000,0x0000,
    0x0000,0x0000,0x0000,0x0000,0x0000,0x0000,0x0000,0x0000,0x0000,0x0000,0x0000,0x0000,0x0000,0x0000,0x0000,0x0000,
    0x0000,0x0000,0x0000,0x0000,0x0000,0x0000,0x0000,0x0000,0x0000,0x0000,0x0000,0x0000,0x0000,0x0000,0x0000,0x0000,
    0x0000,0x0000,0x0000,0x0000,0x0000,0x0000,0x0000,0x0000,0x0000,0x0000,0x0000,0x0000,0x0000,0x0000,0x0000,0x0000,
    0x0000,0x0000,0x0000,0x0000,0x0000,0x0000,0x0000,0x0000,0x0000,0x0000,0x0000,0x0000,0x7FFF,0x7FFF,0x7FFF,0x7FFF,
    0x7FFF,0x7FFF,0x77FF,0x77FF,0x77FF,0x77FF,0x77FF,0x77FF,0x77FF,0x7FFF,0x7FFF,0x7FFF,0x7FFF,0x7FFF,0x7FFF,0x7FFF,
    0x0000,0x0000,0x0000,0x0000,0x0000,0x0000,0x0000,0x0000,0x0000,0x0000,0x0000,0x0000,0x0000,0x0000,0x0000,0x0000,
    0x0000,0x0000,0x0000,0x0000,0x0000,0x0000,0x0000,0x0000,0x0000,0x0000,0x0000,0x0000,0x0000,0x0000,0x0000,0x0000,
    0x0000,0x0000,0x0000,0x0000,0x0000,0x0000,0x0000,0x0000,0x0000,0x0000,0x0000,0x0000,0x0000,0x0000,0x0000,0x0000,
    0x0000,0x0000,0x0000,0x0000,0x0000,0x0000,0x0000,0x0000,0x0000,0x0000,0x0000,0x0000,0x0000,0x0000,0x0000,0x0000,
    0x0000,0x0000,0x0000,0x0000,0x0000,0x0000,0x0000,0x0000,0x0000,0x0000,0x0000,0x0000,0x0000,0x0000,0x0000,0x0000,
    0x0000,0x0000,0x0000,0x0000,0x0000,0x0000,0x0000,0x0000,0x0000,0x0000,0x0000,0x0000,0x0000,0x0000,0x0000,0x0000,
    0x0000,0x0000,0x0000,0x0000,0x0000,0x0000,0x0000,0x0000,0x0000,0x0000,0x0000,0x0000,0x0000,0x0000,0x0000,0x0000,
    0x0000,0x0000,0x0000,0x0000,0x0000,0x0000,0x0000,0x0000,0x0000,0x0000,0x0000,0x0000,0x0000,0x0000,0x0000,0x0000,
    0x0000,0x0000,0x0000,0x0000,0x0000,0x0000,0x0000,0x0000,0x0000,0x0000,0x0000,0x0000,0x0000,0x0000,0x0000,0x0000,
    0x0000,0x0000,0x0000,0x0000,0x0000,0x0000,0x0000,0x0000,0x0000,0x0000,0x0000,0x0000,0x0000,0x0000,0x0000,0x0000,
    0x0000,0x0000,0x0000,0x0000,0x0000,0x0000,0x0000,0x0000,0x0000,0x0000,0x0000,0x0000,0x0000,0x0000,0x0000,0x0000,
    0x0000,0x0000,0x0000,0x0000,0x0000,0x0000,0x0000,0x0000,0x0000,0x0000,0x0000,0x0000,0x0000,0x0000,0x0000,0x0000,
    0x0000,0x0000,0x0000,0x0000,0x0000,0x0000,0x0000,0x0000,0x0000,0x0000,0x0000,0x0000,0x0000,0x0000,0x0000,0x0000,
    0x0000,0x0000,0x0000,0x0000,0x0000,0x0000,0x0000,0x0000,0x0000,0x0000,0x0000,0x0000,0x0000,0x0000,0x0000,0x0000,
    0x0000,0x0000,0x0000,0x0000,0x0000,0x0000,0x0000,0x0000,0x0000,0x0000,0x0000,0x0000,0x0000,0x0000,0x0000,0x0000,
    0x0000,0x0000,0x0000,0x0000,0x0000,0x0000,0x0000,0x0000,0x0000,0x0000,0x0000,0x0000,0x0000,0x0000,0x0000,0x0000,
    0x0000,0x0000,0x0000,0x0000,0x0000,0x0000,0x0000,0x0000,0x0000,0x0000,0x0000,0x0000,0x0000,0x0000,0x0000,0x0000,
    0x0000,0x0000,0x0000,0x0000,0x0000,0x0000,0x0000,0x0000,0x0000,0x0000,0x0000,0x0000,0x0000,0x0000,0x0000,0x0000,
    0x0000,0x0000,0x0000,0x0000,0x0000,0x0000,0x0000,0x0000,0x0000,0x0000,0x0000,0x0000,0x0000,0x0000,0x0000,0x0000,
    0x0000,0x0000,0x0000,0x0000,0x0000,0x0000,0x0000,0x0000,0x0000,0x0000,0x0000,0x0000,0x0000,0x0000,0x0000,0x0000,
    0x0000,0x0000,0x0000,0x0000,0x0000,0x0000,0x0000,0x0000,0x0000,0x0000,0x0000,0x0000,0x0000,0x0000,0x0000,0x0000,
    0x0000,0x0000,0x0000,0x0000,0x0000,0x0000,0x0000,0x0000,0x0000,0x0000,0x0000,0x0000,0x0000,0x0000,0x0000,0x0000,
    0x0000,0x0000,0x0000,0x0000,0x0000,0x0000,0x0000,0x0000,0x0000,0x0000,0x0000,0x0000,0x0000,0x0000,0x0000,0x0000,
    0x0000,0x0000,0x0000,0x0000,0x0000,0x0000,0x0000,0x0000,0x0000,0x0000,0x0000,0x0000,0x0000,0x0000,0x0000,0x0000,
    0x0000,0x0000,0x0000,0x0000,0x0000,0x0000,0x0000,0x0000,0x0000,0x0000,0x0000,0x0000,0x0000,0x0000,0x0000,0x0000,
    0x0000,0x0000,0x0000,0x0000,0x0000,0x0000,0x0000,0x0000,0x0000,0x0000,0x0000,0x0000,0x0000,0x0000,0x0000,0x0000,
    0x0000,0x0000,0x0000,0x0000,0x0000,0x0000,0x0000,0x0000,0x0000,0x0000,0x0000,0x0000,0x0000,0x0000,0x0000,0x0000,
    0x0000,0x0000,0x0000,0x0000,0x0000,0x0000,0x0000,0x0000,0x0000,0x0000,0x0000,0x0000,0x0000,0x0000,0x0000,0x0000,
    0x0000,0x0000,0x0000,0x0000,0x0000,0x0000,0x0000,0x0000,0x0000,0x0000,0x0000,0x0000,0x0000,0x0000,0x0000,0x0000,
    0x0000,0x0000,0x0000,0x0000,0x0000,0x0000,0x0000,0x0000,0x0000,0x0000,0x0000,0x0000,0x0000,0x0000,0x0000,0x0000,
    0x0000,0x0000,0x0000,0x0000,0x0000,0x0000,0x0000,0x0000,0x0000,0x0000,0x0000,0x0000,0x0000,0x0000,0x0000,0x0000,
    0x0000,0x0000,0x0000,0x0000,0x0000,0x0000,0x0000,0x0000,0x0000,0x0000,0x0000,0x0000,0x0000,0x0000,0x0000,0x0000,
    0x0000,0x0000,0x0000,0x0000,0x0000,0x0000,0x0000,0x0000,0x0000,0x0000,0x0000,0x0000,0x0000,0x0000,0x0000,0x0000,
    0x0000,0x0000,0x0000,0x0000,0x0000,0x0000,0x0000,0x0000,0x0000,0x0000,0x0000,0x0000,0x0000,0x0000,0x0000,0x0000,
    0x0000,0x0000,0x0000,0x0000,0x0000,0x0000,0x0000,0x0000,0x0000,0x0000,0x0000,0x0000,0x0000,0x0000,0x0000,0x0000,
    0x0000,0x0000,0x0000,0x0000,0x0000,0x0000,0x0000,0x0000,0x0000,0x0000,0x0000,0x0000,0x0000,0x0000,0x0000,0x0000,
    0x0000,0x0000,0x0000,0x0000,0x0000,0x0000,0x0000,0x0000,0x0000,0x0000,0x0000,0x0000,0x0000,0x0000,0x0000,0x0000,
    0x0000,0x0000,0x0000,0x0000,0x0000,0x0000,0x0000,0x0000,0x0000,0x0000,0x0000,0x0000,0x0000,0x0000,0x0000,0x0000,
    0x0000,0x0000,0x0000,0x0000,0x0000,0x0000,0x0000,0x0000,0x0000,0x0000,0x0000,0x0000,0x0000,0x0000,0x0000,0x0000,
    0x0000,0x0000,0x0000,0x0000,0x0000,0x0000,0x0000,0x0000,0x0000,0x0000,0x0000,0x0000,0x0000,0x0000,0x0000,0x0000,
    0x0000,0x0000,0x0000,0x0000,0x0000,0x0000,0x0000,0x0000,0x0000,0x0000,0x0000,0x0000,0x0000,0x0000,0x0000,0x0000,
    0x0000,0x0000,0x0000,0x0000,0x0000,0x0000,0x0000,0x0000,0x0000,0x0000,0x0000,0x0000,0x0000,0x0000,0x0000,0x0000,
    0x0000,0x0000,0x0000,0x0000,0x0000,0x0000,0x0000,0x0000,0x0000,0x0000,0x0000,0x0000,0x0000,0x0000,0x0000,0x0000,
    0x0000,0x0000,0x0000,0x0000,0x0000,0x0000,0x0000,0x0000,0x0000,0x0000,0x0000,0x0000,0x0000,0x0000,0x0000,0x0000,
    0x0000,0x0000,0x0000,0x0000,0x0000,0x0000,0x0000,0x0000,0x0000,0x0000,0x0000,0x0000,0x0000,0x0000,0x0000,0x0000,
    0x0000,0x0000,0x0000,0x0000,0x0000,0x0000,0x0000,0x0000,0x0000,0x0000,0x0000,0x0000,0x0000,0x0000,0x0000,0x0000,
    0x0000,0x0000,0x0000,0x0000,0x0000,0x0000,0x0000,0x0000,0x0000,0x0000,0x0000,0x0000,0x0000,0x0000,0x0000,0x0000,
    0x0000,0x0000,0x0000,0x0000,0x0000,0x0000,0x0000,0x0000,0x0000,0x0000,0x0000,0x0000,0x0000,0x0000,0x0000,0x0000,
    0x0000,0x0000,0x0000,0x0000,0x0000,0x0000,0x0000,0x0000,0x0000,0x0000,0x0000,0x0000,0x0000,0x0000,0x0000,0x0000

};
